-- MySQL dump 10.13  Distrib 8.0.42, for Win64 (x86_64)
--
-- Host: localhost    Database: ticket
-- ------------------------------------------------------
-- Server version	8.0.42

/*!40101 SET @OLD_CHARACTER_SET_CLIENT=@@CHARACTER_SET_CLIENT */;
/*!40101 SET @OLD_CHARACTER_SET_RESULTS=@@CHARACTER_SET_RESULTS */;
/*!40101 SET @OLD_COLLATION_CONNECTION=@@COLLATION_CONNECTION */;
/*!50503 SET NAMES utf8 */;
/*!40103 SET @OLD_TIME_ZONE=@@TIME_ZONE */;
/*!40103 SET TIME_ZONE='+00:00' */;
/*!40014 SET @OLD_UNIQUE_CHECKS=@@UNIQUE_CHECKS, UNIQUE_CHECKS=0 */;
/*!40014 SET @OLD_FOREIGN_KEY_CHECKS=@@FOREIGN_KEY_CHECKS, FOREIGN_KEY_CHECKS=0 */;
/*!40101 SET @OLD_SQL_MODE=@@SQL_MODE, SQL_MODE='NO_AUTO_VALUE_ON_ZERO' */;
/*!40111 SET @OLD_SQL_NOTES=@@SQL_NOTES, SQL_NOTES=0 */;

--
-- Table structure for table `_prisma_migrations`
--

DROP TABLE IF EXISTS `_prisma_migrations`;
/*!40101 SET @saved_cs_client     = @@character_set_client */;
/*!50503 SET character_set_client = utf8mb4 */;
CREATE TABLE `_prisma_migrations` (
  `id` varchar(36) COLLATE utf8mb4_unicode_ci NOT NULL,
  `checksum` varchar(64) COLLATE utf8mb4_unicode_ci NOT NULL,
  `finished_at` datetime(3) DEFAULT NULL,
  `migration_name` varchar(255) COLLATE utf8mb4_unicode_ci NOT NULL,
  `logs` text COLLATE utf8mb4_unicode_ci,
  `rolled_back_at` datetime(3) DEFAULT NULL,
  `started_at` datetime(3) NOT NULL DEFAULT CURRENT_TIMESTAMP(3),
  `applied_steps_count` int unsigned NOT NULL DEFAULT '0',
  PRIMARY KEY (`id`)
) ENGINE=InnoDB DEFAULT CHARSET=utf8mb4 COLLATE=utf8mb4_unicode_ci;
/*!40101 SET character_set_client = @saved_cs_client */;

--
-- Dumping data for table `_prisma_migrations`
--

LOCK TABLES `_prisma_migrations` WRITE;
/*!40000 ALTER TABLE `_prisma_migrations` DISABLE KEYS */;
INSERT INTO `_prisma_migrations` VALUES ('3d87be85-37fb-4b4d-92b0-ee0c16c333b9','9db44a7c38360c6598cc6b937e062caf70dea94ac85b08a648ad2f37106dd849','2025-11-27 13:22:52.366','20251126045251_add_payment_status_default',NULL,NULL,'2025-11-27 13:22:52.329',1),('416c739a-80c8-443c-8c78-960918060896','decef9570974fe11ba6cb70e797aba88f217b46e7f2db6fedd23cc353ceadec3','2025-11-02 09:07:35.023','20251102090720_add_receiver_name_to_ticket_order',NULL,NULL,'2025-11-02 09:07:34.803',1),('e33698af-6447-4c6f-a279-285f9f8e4346','7693e1c29f43546221f0fd6f2287bf953425a204adb80f125f98ca2dd1a8028a','2025-10-19 04:58:57.175','20251019045857_add_description_to_ticket_types',NULL,NULL,'2025-10-19 04:58:57.046',1),('eeb852a2-6f56-4707-9047-ec896c9ce448','41e703d4c9aff6cbc7886ff0f7bbf0dbe67dd9d58eea68aebf08230d5f7b3328','2025-11-27 13:30:26.686','20251127133026_add_timestamps_to_cart',NULL,NULL,'2025-11-27 13:30:26.641',1),('f74f9468-ac2f-4cb4-bb5c-0d1727408950','5bcd1396c028e403f257ab4ef55a9ee03a25e710e53174f2f084ad654660898c','2025-10-19 04:54:12.881','20251015154423_init',NULL,NULL,'2025-10-19 04:54:09.611',1);
/*!40000 ALTER TABLE `_prisma_migrations` ENABLE KEYS */;
UNLOCK TABLES;

--
-- Table structure for table `events`
--

DROP TABLE IF EXISTS `events`;
/*!40101 SET @saved_cs_client     = @@character_set_client */;
/*!50503 SET character_set_client = utf8mb4 */;
CREATE TABLE `events` (
  `id` int NOT NULL AUTO_INCREMENT,
  `title` varchar(255) COLLATE utf8mb4_unicode_ci NOT NULL,
  `description` mediumtext COLLATE utf8mb4_unicode_ci NOT NULL,
  `category` varchar(255) COLLATE utf8mb4_unicode_ci NOT NULL,
  `location` varchar(255) COLLATE utf8mb4_unicode_ci NOT NULL,
  `startDate` datetime(3) NOT NULL,
  `duration` varchar(100) COLLATE utf8mb4_unicode_ci NOT NULL,
  `organizer` varchar(255) COLLATE utf8mb4_unicode_ci DEFAULT NULL,
  `bannerUrl` varchar(500) COLLATE utf8mb4_unicode_ci DEFAULT NULL,
  `createdAt` datetime(3) NOT NULL DEFAULT CURRENT_TIMESTAMP(3),
  `updatedAt` datetime(3) NOT NULL,
  PRIMARY KEY (`id`)
) ENGINE=InnoDB AUTO_INCREMENT=31 DEFAULT CHARSET=utf8mb4 COLLATE=utf8mb4_unicode_ci;
/*!40101 SET character_set_client = @saved_cs_client */;

--
-- Dumping data for table `events`
--

LOCK TABLES `events` WRITE;
/*!40000 ALTER TABLE `events` DISABLE KEYS */;
INSERT INTO `events` VALUES (3,'VBA STAR X 2025 | Final 1 - Home Game of Hanoi Buffaloes','Giới thiệu sự kiện: \r\n\r\nVBA StarX - Nơi quy tụ những ngôi sao đã chính thức khởi động. Với thông điệp “VƯƠN TẦM KHÔNG GIỚI HẠN”, VBA StarX hứa hẹn mang đến một mùa giải đẳng cấp, bùng nổ và ngập tràn trải nghiệm độc quyền cho cộng đồng người hâm mộ bóng rổ Việt Nam.\r\n\r\nWelcome to VBA StarX!','Thể thao','101 Võ Chí Công, Phường Xuân La, Quận Tây Hồ, Thành Phố Hà Nội','2026-01-12 00:00:00.000','19:30 - 22:30','CÔNG TY CỔ PHẦN BÓNG RỔ VIỆT NAM','aed04a59-51cf-4959-ba19-771ff89b1139.jpg','2025-10-19 04:59:55.679','2025-12-15 08:47:09.147'),(4,'Water bomb Ho Chi Minh City 2025','Sự kiện EDM hoành tráng với dàn DJ quốc tế.','Nhạc sống','SVĐ Phú Thọ, Quận 11, TP.HCM','2025-10-19 00:00:00.000','19:30 - 22:30','YG Entertainment','3f08f2c3-3c76-49f6-968e-fa678f91d8b3.png','2025-10-19 04:59:55.680','2025-12-15 09:03:55.883'),(5,'1CINÉ x CHILLIES: “KIM” THE 2ND ALBUM PRE-LISTENING PRIVATE SHOWCASE','<p><strong>CINÉ x CHILLIES: “KIM” - THE 2ND ALBUM PRE-LISTENING PRIVATE SHOWCASE | 12.10.2025</strong></p>\r\n\r\n<p>Sau 4 năm kể từ album đầu tay, Chillies chính thức trở lại với album phòng thu thứ hai mang tên “KIM”. Đặc biệt, bạn sẽ là một trong những khán giả “đầu tiên” được thưởng thức trọn vẹn những bản live đầu tiên của Album \"KIM\" trước khi album được phát hành, tại buổi pre-listening private showcase duy nhất diễn ra tại Ciné Saigon.</p>\r\n\r\n<p>Một đêm diễn đặc biệt dành riêng cho những ai yêu mến âm nhạc Chillies. Sân khấu lần này không chỉ để lắng nghe những ca khúc mới, mà còn là khoảnh khắc kết nối gần gũi giữa Chillies và khán giả. Hãy chuẩn bị tinh thần cho một đêm nhạc bất ngờ và đáng nhớ cùng Chillies!</p>','Sân khấu & Nghệ thuật','Nhà Văn Hóa Thanh Niên, TP.HCM','2025-11-07 00:00:00.000','19:30 - 22:30','Food Global','6be36d3ecc5fe3e0c4a31b27a00f80fc.jpg','2025-10-19 04:59:55.719','2025-12-17 11:34:33.304'),(6,'[Meta Show] Triển Lãm Nghệ Thuật Ánh Sáng','[Meta Show] Triển Lãm Nghệ Thuật Ánh Sáng','Khác','Số 10, đường Mai Chí Thọ, Phường Thủ Thiêm, Quận 2, Thành Phố Hồ Chí Minh','2026-01-01 00:00:00.000','19:30 - 22:30','Metashow Exhibition','9e6164e2-ebf2-4fbe-bb4b-7687dcb9d71a.jpg','2025-10-19 04:59:55.723','2025-12-15 08:29:05.624'),(7,'CINÉ FUTURE #16: VĂN MAI HƯƠNG| Friday 19.12','Giới thiệu sự kiện:\r\n\r\nTiếp nối hành trình tôn vinh và phát triển văn hoá, nghệ thuật Việt, Ciné Saigon chính thức mang Future Hits quay trở lại với số 16, cùng với đó là sự xuất hiện của một giọng hát mang theo trải nghiệm, câu chuyện và cả những xúc cảm được mài giũa qua thời gian: Văn Mai Hương! Ở thời điểm V-Pop liên tục dịch chuyển và làm mới mình, Văn Mai Hương trở lại với album phòng thu thứ 5 như một làn gió trưởng thành, đằm sâu nhưng vẫn ngập tràn tinh thần táo bạo. Dự án đánh dấu giai đoạn nghệ thuật của một nghệ sĩ đang ở đỉnh chín muồi của cảm xúc và tay nghề: âm nhạc nhiều lớp hơn, hình ảnh sắc nét hơn, và đặc biệt là tinh thần khám phá liên tục. Và trong đêm 19.12 này, \'Giai Nhân\' không chỉ ở các nền tảng âm nhạc số mà \'Giai Nhân\' sẽ được thể hiện hoàn hảo ngay tại sân khấu Ciné Saigon, một đêm mãn nhĩ đang chờ hội yêu nhạc Sài Gòn.\r\n\r\nĐiều khoản và điều kiện:\r\n\r\n- Sự kiện dành cho khán giả >18 tuổi.\r\n\r\n- Không mang máy ảnh vào sự kiện.\r\n\r\n- Coupon đã mua không hoàn, đổi, trả.','Sân khấu & Nghệ thuật','148 CỐNG QUỲNH, Phường Phạm Ngũ Lão, Quận 1, Thành Phố Hồ Chí Minh','2025-12-10 00:00:00.000','21:00 - 04:00','CINÉ SAIGON','3559fbb0-eaf6-4002-81d5-a592e3e5361a.jpg','2025-10-19 04:59:55.743','2025-12-15 08:05:42.061'),(8,'EM XINH \"SAY HI\" CONCERT - ĐÊM 2','EM XINH \"SAY HI\" CONCERT - ĐÊM 2','Nhạc sống','Số 1 Lê Đức Thọ, Phường Mỹ Đình 1, Quận Nam Từ Liêm, Thành Phố Hà Nội','2025-10-11 00:00:00.000','19:30 - 22:30','Vie Channel','cfa9510b1f648451290e0cf57b6fd548.jpg','2025-10-19 04:59:55.745','2025-12-15 08:13:32.122'),(9,'DAY6 10th Anniversary Tour <The DECADE> in HO CHI MINH CITY','Trình diễn các công nghệ mới nhất trong AI, IoT và VR.','Nhạc sống','Trung tâm Hội nghị SECC, Q.7, TP.HCM','2025-11-20 00:00:00.000','19:30 - 22:30','TechWorld Vietnam','d3d41b377ea3d9a3cd18177d656516d7.jpg','2025-10-19 04:59:55.786','2025-10-19 04:59:55.786'),(10,'Lion Championship 29 - 2025','Lion Championship 29 - 2025','Thể thao','Đường Cao Lỗ, Xã Uy Nỗ, Huyện Đông Anh, Thành Phố Hà Nội','2026-01-20 00:00:00.000','19:30 - 22:30','CÔNG TY CỔ PHẦN VÕ THUẬT TỔNG HỢP VIỆT NAM','7eea05ce-c978-4947-b5cb-b4ebe76bc4f0.png','2025-10-19 04:59:55.793','2025-12-15 08:33:55.858'),(12,'Italia Mistero','Lần đầu tiên tại Hà Nội, Dàn nhạc Teatro Massimo, biểu tượng nghệ thuật...','Khác','CGV Landmark 81, TP.HCM','2025-12-05 00:00:00.000','19:30 - 22:30','Vietnam Film Association','6ad9f988be92ae9bbaf1cbd395b3aa10.jpg','2025-10-19 04:59:55.824','2025-11-03 10:32:50.701'),(13,'VIETNAM PRO-AM BASKETBALL CHAMPIONSHIP 2025','GIỚI THIỆU SỰ KIỆN\r\nVBC 2025: Sân Chơi Bóng Rổ Chuyên Nghiệp & Bán Chuyên Hàng Đầu Việt Nam!\r\n\r\nGiải đấu quy tụ 10 đội bóng mạnh nhất từ 3 miền, với 140 VĐV tranh tài để giành ngôi vô địch. Cơ hội chiêm ngưỡng những trận cầu đỉnh cao, giao lưu cùng các VĐV nổi tiếng và trải nghiệm không gian sự kiện sôi động. Lý do không nên bỏ lỡ: Xem bóng rổ đỉnh cao, gặp gỡ thần tượng và hòa mình vào không khí lễ hội thể thao!\r\n\r\nCHI TIẾT SỰ KIỆN\r\nThời gian: 26/10/2025 – 05/11/2025.\r\n\r\nĐịa điểm: Nhà thi đấu Phường Cầu Giấy\r\n\r\nChương trình chính:\r\n\r\nGiải đấu VBC 2025: Các trận đấu vòng bảng, tứ kết, bán kết và chung kết gay cấn. Lịch thi đấu chi tiết sẽ được công bố trên Fanpage chính thức.\r\n\r\nKhách mời:\r\n\r\nCơ hội giao lưu, gặp gỡ các Khách mời đặc biệt, KOLs.\r\n\r\nTrải nghiệm đặc biệt:\r\n\r\nKhu Trải nghiệm/Gian hàng: Các quầy gian hàng đối tác với nhiều hoạt động tương tác, trò chơi, và khu vực chụp ảnh lưu niệm (photo booth) cho khách tham dự.\r\n\r\nĐIỀU KHOẢN VÀ ĐIỀU KIỆN\r\n[TnC] Sự kiện:\r\n\r\nTrẻ em: Dưới 3 tuổi được miễn phí vé, ngồi chung ghế với phụ huynh.\r\n\r\nQuy định cấm:\r\n\r\nTuyệt đối Không hút thuốc (thuốc lá thường và thuốc lá điện tử) trong nhà thi đấu.\r\n\r\nVật nuôi: Được phép mang vào nếu đặt trong balo/túi chuyên dụng. Không được thả rông trong nhà thi đấu.','Thể thao','35 TRẦN QUÝ KIÊN, Quận Cầu Giấy, Thành Phố Hà Nội','2026-01-15 00:00:00.000','19:30 - 22:30','CÔNG TY CỔ PHẦN NEW SPORTS','d4af57cb-7564-4b1f-9b7f-fed8df31ada6.jpg','2025-10-19 04:59:55.851','2025-12-15 08:38:39.606'),(14,'1900 x Vũ. - Bảo Tàng Của Nuối Tiếc Private Show','<p>Tròn một năm kể từ thành công của Album phòng thu thứ 3 và Concert Tour “Bảo Tàng Của Nuối Tiếc”, Vũ. sẽ kết hợp cùng 1900 Lé Théâtre để mang đến một đêm diễn đặc biệt - Private show “Bảo Tàng Của Nuối Tiếc”, như lời tri ân dành cho các khán giả. Đây cũng là lần đầu tiên Vũ. tổ chức Private show “Bảo Tàng Của Nuối Tiếc” dành riêng cho khán giả Hà Nội.</p>\r\n<p><strong>QUY ĐỊNH CHUNG CỦA SỰ KIỆN</strong></p>\r\n<p>Điều 1. Sự kiện chỉ dành cho đối tượng khán giả trên 18 tuổi.</p>\r\n<p>Điều 2. Mỗi coupon chỉ dành cho một khán giả tham dự.</p>\r\n<p>Điều 3. Coupon đã mua không được đổi hoặc hoàn trả dưới mọi hình thức...</p>\r\n<p>Điều 4. Hãy kiểm tra kỹ thông tin trước khi đặt coupon...</p>\r\n<p>Điều 5. Vui lòng không mua coupon từ bất kỳ nguồn nào khác ngoài Ticketbox...</p>\r\n<p>Điều 6. Khi tham gia chương trình, khán giả đồng ý với việc hình ảnh của mình...</p>\r\n<p>Điều 7. Không được phép quay phim/chụp hình bằng máy ảnh chuyên dụng...</p>\r\n<p>Điều 8. Khách hàng đồng ý cho phép ban tổ chức quay phim...</p>\r\n<p>Điều 9. Không được phép phát sóng trực tiếp (livestream) sự kiện...</p>\r\n<p>Điều 10. BTC có quyền kiểm tra giấy tờ tùy thân...</p>\r\n<p>Điều 11. BTC có thể hoãn, hủy hoặc tạm ngưng sự kiện...</p>\r\n<p>Điều 12. Khán giả tham dự sự kiện phải tự ý thức...</p>\r\n<p>Điều 13. Trong mọi trường hợp, quyết định của BTC là quyết định cuối cùng.</p>','Sân khấu & Nghệ thuật','SVĐ Quân Khu 7, TP.HCM','2025-10-30 00:00:00.000','19:30 - 22:30','RapViet Entertainment','e51cdafa1dfa1937e1847bd3ef2371af.jpg','2025-10-19 04:59:55.856','2025-11-17 14:36:07.712'),(15,'Vui Hội Trăng Rằm Cùng Van Phuc WaterShow','Học hỏi kinh nghiệm từ các startup thành công.','Khác','ĐH Kinh Tế TP.HCM','2025-12-10 00:00:00.000','19:30 - 22:30','Startup Vietnam Foundation','ffa9add63b449ab12f587d1a10ab5bc7.jpg','2025-10-19 04:59:55.888','2025-12-03 14:16:07.713'),(16,'Vui Hội Trăng Rằm Cùng Van Phuc WaterShow','Học hỏi kinh nghiệm từ các startup thành công.','Khác','ĐH Kinh Tế TP.HCM','2025-11-10 00:00:00.000','19:30 - 22:30','Startup Vietnam Foundation','ffa9add63b449ab12f587d1a10ab5bc7.jpg','2025-10-19 04:59:55.890','2025-11-17 14:34:57.509'),(17,'SUPERFEST 2025 - Concert Mùa Hè Rực Sáng','Các đội bóng sinh viên tranh tài hấp dẫn.','Sân khấu & Nghệ thuật','SVĐ Thống Nhất, TP.HCM','2025-11-25 00:00:00.000','19:30 - 22:30','Liên đoàn bóng đá SVVN','1d976574a7ad259eb46ec5c6cfeaf63e.png','2025-10-19 04:59:55.918','2025-11-17 14:33:18.050'),(18,'VỞ DIỄN AI CHỒNG AI VỢ (SÂN KHẤU MỚI)','Giới thiệu sự kiện:\r\n\r\nMỘT VỞ HÀI KỊCH VỀ ĐỀ TÀI GIA ĐÌNH. VỚI MÀU SẮC HOÀN TOÀN MỚI MẺ, MỘT PHONG CÁCH MỚI TẠI SÂN KHẤU. MỘT VỞ DIỄN HÀI HƯỚC TỪ ĐẦU ĐẾN CUỐI NHƯNG CÀI CẮM SAU BÊN TRONG LÀ MỘT CHỦ ĐỀ ĐÁNG QUAN TÂM GIỮA KẾT NỐI CẢM XÚC CỦA CON NGƯỜI HIỆN NAY...\r\n\r\nChi tiết sự kiện:\r\n\r\nVỚI SỰ THAM GIA CỦA CÁC NGHỆ SĨ:\r\nNSƯT HOÀI LINH \r\nHỨA MINH ĐẠT \r\nQUÁCH NGỌC TUYÊN \r\nMẠC VĂN KHOA \r\nTHUỲ TRANG\r\nBÉ TƯ\r\nTẤT DIỆU HẰNG \r\nTRUNG HUY','Sân khấu & Nghệ thuật','5B PHẠM NGŨ LÃO , Phường 03, Quận Gò Vấp, Thành Phố Hồ Chí Minh','2026-01-02 00:00:00.000','19:30 - 22:30','CÔNG TY TNHH WOLF ENTERTAINMENT','b23dd7a4-1c21-402e-ab8c-e15b254ec03f.jpeg','2025-10-19 04:59:55.924','2025-12-15 08:24:12.798'),(19,'PPA TOUR ASIA - VIETNAM CUP 2025','PPA TOUR ASIA - VIETNAM CUP 2025','Thể thao','Đường Phan Đăng Lưu, Phường Hòa Cường Bắc, Quận Hải Châu, Thành Phố Đà Nẵng','2026-01-04 00:00:00.000','19:30 - 22:30','UPA Asia x America & Asia Connect x Danang Pickleball Federation','a0cb979c-e7dd-4371-a6c5-f407f183b9d4.jpeg','2025-10-19 04:59:55.949','2025-12-15 08:42:11.355'),(20,'THOMAS ANDERS FROM MODERN TALKING','Bộ sưu tập nghệ thuật độc đáo của các họa sĩ trẻ.','Khác','Bảo tàng Mỹ Thuật TP.HCM','2025-10-20 00:00:00.000','19:30 - 22:30','ArtSpace Vietnam','034602970c0ce4c58daee24779476ae5.jpg','2025-10-19 04:59:55.955','2025-11-17 14:34:04.910'),(21,'LULULOLA SHOW VŨ CÁT TƯỜNG | NGÀY NÀY, NGƯỜI CON GÁI NÀY','Lululola Show - Hơn cả âm nhạc, không gian lãng mạn đậm chất thơ Đà Lạt bao trọn hình ảnh thung lũng Đà Lạt, được ngắm nhìn khoảng khắc hoàng hôn thơ mộng đến khi Đà Lạt về đêm siêu lãng mạn, được giao lưu với thần tượng một cách chân thật và gần gũi nhất trong không gian ấm áp và không khí se lạnh của Đà Lạt. Tất cả sẽ mang đến một đêm nhạc ấn tượng mà bạn không thể quên khi đến với Đà Lạt.','Sân khấu & Nghệ thuật','Đầu đèo Prenn, Số 32/2 Đường 3/4, Phường 3, Thành Phố Đà Lạt, Tỉnh Lâm Đồng','2025-12-18 00:00:00.000','17:30 - 19:30','Lululola','13e9a9ccf99d586df2a7c6bd59d89369.png','2025-10-19 04:59:55.984','2025-12-15 07:52:35.926'),(22,'[Hà Nội] Những Thành Phố Mơ Màng Year End 2025','NHỮNG THÀNH PHỐ MƠ MÀNG YEAR END 2025\r\nChào mừng cư dân đến với NTPMM Year End 2025 - Wondertopia,  vùng đất diệu kỳ nơi âm nhạc cất lời và cảm xúc thăng hoa!\r\nTại đây, từng giai điệu sẽ dẫn lối, từng tiết tấu sẽ mở ra cánh cửa đến một thế giới đầy màu sắc, nơi mọi người cùng nhau hòa nhịp trong niềm vui và sự gắn kết.\r\n\r\nHành trình khép lại năm 2025 sẽ trở thành một đại tiệc của âm nhạc, sáng tạo và bất ngờ. Wondertopia không chỉ là một show diễn – mà là không gian nơi chúng ta tìm thấy sự đồng điệu, truyền cảm hứng cho một khởi đầu mới rực rỡ hơn.\r\n\r\nTHÔNG TIN SỰ KIỆN\r\n\r\nThời gian dự kiến: 21/12/2025 \r\n\r\nĐịa điểm: khu vực ngoài trời tại Hà Nội (sẽ cập nhật sau)\r\n\r\n \r\n\r\nQUY ĐỊNH CHUNG CỦA SỰ KIỆN \r\n\r\nĐiều 1. Chương trình dành cho đối tượng khán giả trên 16 tuổi. Khán giả từ 10-15 tuổi tham gia chương trình phải có người giám hộ đi kèm (người giám hộ phải từ 18 tuổi trở lên, một người giám hộ kèm một trẻ vị thành niên) để quản lý và chịu hoàn toàn trách nhiệm nếu có bất kỳ sự cố nào xảy ra trong sự kiện.','Nhạc sống','QL1A Gamuda Central, Phường Yên Sở, Quận Hoàng Mai, Thành Phố Hà Nội','2025-12-21 00:00:00.000','16:00 - 22:30','Những Thành Phố Mơ Màng','b4e338fe-ce76-4556-b918-70935d58d3e4.png','2025-10-19 04:59:55.990','2025-12-15 07:57:50.219'),(23,'[Nhà Hát THANH NIÊN] Hài kịch: Lạc lối ở BangKok','- Tác giả: Nguyễn Bảo Ngọc \r\n\r\n- Đạo diễn: Hồng Ngọc\r\n\r\n- Diễn viên: Khương Ngọc, BB Trần, Ngọc Phước, Tuấn Kiệt, Long Chun, Bé 7, Mai Bảo Vinh, Duy Tiến, Huỳnh Thi, Tạ Lâm, Vương Chí Nam, Mạnh Lân, Phạm Gia Minh...','Sân khấu & Nghệ thuật','4 Phạm Ngọc Thạch, Bến Nghé, Phường Bến Nghé, Quận 1, Thành Phố Hồ Chí Minh','2025-12-07 00:00:00.000','17:00 - 21:00','Công Ty TNHH Sân Khấu - Nghệ Thuật Thái Dương','3d344478-2797-4da1-a5f2-220b0f43e395.jpg','2025-10-20 04:44:54.578','2025-12-15 08:19:47.663'),(24,'Anti FANMEETING ĐẠI HỘI NHIỀU MẶT MỘT LỜI - LÊ DƯƠNG BẢO LÂM','Anti FANMEETING ĐẠI HỘI NHIỀU MẶT MỘT LỜI - LÊ DƯƠNG BẢO LÂM','Khác','01 Đ. Hoa Phượng, Phường 02, Quận Phú Nhuận, Thành Phố Hồ Chí Minh','2025-12-27 00:00:00.000','13:00 - 17:30','NOMAD MGMT Vietnam x LÊ DƯƠNG BẢO LÂM','938d5d12-bc01-468f-9963-10cfe17e4be4.png','2025-12-10 13:03:02.640','2025-12-15 09:00:40.689'),(26,'[FLOWER 1969’s] CLEAR CHRISTMAS BAUBLE WORKSHOP - TRÁI CHÂU TRONG SUỐT','- FLOWER 1969\'s WORKSHOP CLEAR CHRISTMAS BAUBLE - TRÁI CHÂU TRONG SUỐT\r\n\r\nTrái châu luôn là ngôi sao bé nhỏ của cây thông Noel: tròn, trong, và lấp lánh như giữ lại hơi thở của mùa đông. Năm nay, Flower 1969’s mang đến workshop Trái Châu Trong Suốt – nơi bạn được tạo nên những chiếc ornament thủy tinh giả nhỏ xinh, long lanh đúng chất lễ hội.\r\nTại workshop, bạn sẽ được hướng dẫn từng bước để tạo sắc độ trong veo, phối màu, điểm nhũ và cá nhân hoá trái châu theo phong cách riêng. Mỗi sản phẩm là một “giọt sáng” bạn tự tay thổi hồn, nhẹ mà đủ để thắp sáng góc Giáng Sinh của mình.\r\nHãy ghé Flower 1969’s để giữ lại một khoảnh khắc thật an, thật đẹp của mùa Noel – trong suốt như trái châu bạn tạo ra.','Khác','The Seat Cafe - 1355/7 Hoàng Sa, Phường 05, Quận Tân Bình, Thành Phố Hồ Chí Minh','2026-01-03 00:00:00.000','16:01 - 21:01','Flower 1969\'s','56028b41-ccfe-4b62-861a-ee44693f76bb.png','2025-12-15 09:01:59.484','2025-12-15 09:03:02.902'),(27,'Pickleball PPA Tour Asia - MB Vietnam Open 2025: Get your Gear!','Pickleball PPA Tour Asia - MB Vietnam Open 2025: Get your Gear!','Thể thao','Online Event','2026-02-02 00:00:00.000','12:00 - 20:00','UPA & New Sports','7b71c9aa-f6a1-4c02-9616-95dd1248a506.jpg','2025-12-17 11:40:28.424','2025-12-17 11:43:30.974'),(28,'Trải nghiệm bắn cung tại AFC Hà Nội','Giới thiệu chung:\r\n\r\nBạn muốn trải nghiệm bộ môn bắn cung trong một không gian rộng rãi, xanh mát, gần gũi với thiên nhiên?\r\nBạn đang tìm nơi tổ chức team building hay tiệc liên hoan cho công ty?\r\nBạn đang cần một nơi tụ tập để vui chơi cùng gia đình và bạn bè?\r\nHãy đặt vé tới CLB Bắn cung AFC ngay nhé!\r\nChi tiết về chương trình:\r\n\r\nNằm trong khuôn viên của khu đô thị Star Lake Tây Hồ Tây, với tre trúc và vườn cau vua cao vút bao bọc xung quanh, sân bắn cung như một khu vườn bí mật giữa trung tâm thành phố với tiếng nhạc dịu êm, hoa nở rực rỡ và tiếng chim hót líu lo.\r\n\r\nCâu lạc bộ bắn cung AFC Hà Nội (Archery Fun Club) có diện tích hơn 1500m2, bao gồm nhiều cự ly bắn từ 8m - 40m đủ cho 50 người chơi cùng một lúc. Đặc biệt, AFC  luôn có huấn luyện viên hướng dẫn tại sân cho khách lần đầu tới bắn cung và muốn chơi thử bộ môn này!\r\n\r\n1. Thời gian mở cửa: tất cả các ngày trong tuần và các ngày nghỉ lễ\r\n\r\nKhung giờ mở cửa: 9.00 AM - 6.00 PM\r\n\r\nVui lòng đặt trước ngày/giờ bạn muốn tới trải nghiệm khi mua vé tại Ticketbox để được phục vụ tốt hơn.\r\n\r\n2. Địa chỉ: CLB bắn cung AFC - Khu đô thị Star Lake Tây Hồ Tây','Thể thao','Khu đô thị Star Lake Tây Hồ Tây, Phường Xuân La, Quận Tây Hồ, Thành Phố Hà Nội','2026-01-16 00:00:00.000','09:00 - 18:00','CLB Bắn cung AFC','c1940f66-ba94-4a41-bf08-8d964c5d5cc5.jpg','2025-12-17 11:46:33.284','2025-12-17 11:48:02.924'),(29,'[CAT&MOUSE] BAN NHẠC MICROWAVE + SU BROTHERS','[CAT&MOUSE] BAN NHẠC MICROWAVE + SU BROTHERS','Nhạc sống','37B Phạm Ngọc Thạch, Phường Võ Thị Sáu, Quận 3, Thành Phố Hồ Chí Minh','2026-01-06 00:00:00.000','20:00 - 23:00','Cat&Mouse Live Music','79657cb7-741b-43e4-828d-1db69a20ad9d.png','2025-12-17 11:51:28.890','2025-12-17 11:52:30.525'),(30,'New Year\'s Eve The Grand Countdown Party Xin Chào 2026','THE GRAND COUNTDOWN PARTY - XIN CHÀO 2026\r\n\r\nĐÊM CỦA NHỮNG KỲ QUAN\r\n\r\nSự kiện 31/12 năm nay sẽ có nhiều hoạt động thú vị dành riêng cho các bé, mang đến không gian vui chơi an toàn và đầy năng lượng. Các con sẽ được tham gia những trò chơi hấp dẫn như bóng nhảy, xếp domino sáng tạo, khu tô màu nghệ thuật, cùng thảm nhảy Audition sôi động. Tất cả được thiết kế để các bé thỏa sức khám phá, vận động và tận hưởng một ngày lễ tràn đầy niềm vui.\r\n\r\nThời khắc chuyển giao đã điểm! Bạn đã sẵn sàng để trở thành một phần của đêm tiệc lộng lẫy nhất năm?\r\n\r\nKhi kim đồng hồ nhích dần về những giây cuối cùng của năm 2025, hãy để The Grand Hồ Tràm Resort & Casino đánh thức mọi giác quan của bạn trong một đêm giao thừa bùng nổ cảm xúc. Chúng tôi không chỉ mang đến một bữa tiệc, mà là một hành trình đa trải nghiệm đỉnh cao để cùng bạn mở ra cánh cửa năm 2026 đầy kiêu hãnh.\r\n\r\nĐêm nay, huyền thoại được viết nên bởi chính bạn:\r\n\r\nMãn nhãn với Xiếc Nghệ Thuật: Bước vào thế giới của những điều kỳ diệu với các tiết mục xiếc đẳng cấp, nơi ranh giới thực - ảo bị xóa nhòa, đưa cảm xúc của bạn đi từ ngỡ ngàng đến thăng hoa tột độ.\r\nĐại tiệc âm nhạc \"đốt cháy\" sân khấu: Hòa mình vào những giai điệu sôi động, các tiết mục biểu diễn hoành tráng được dàn dựng công phu, dẫn lối bạn đến với năng lượng bất tận của năm mới.','Nhạc sống','Xã Hồ Tràm,Thành Phố Hồ Chí Minh, Xã Phước Thuận, Huyện Xuyên Mộc, Tỉnh Bà Rịa - Vũng Tàu','2025-12-31 00:00:00.000','22:30 - 00:30','The Grand Ho Tram','436f4378-c3b3-4705-be3a-0f58817b9822.jpg','2025-12-17 12:06:03.863','2025-12-17 12:07:11.004');
/*!40000 ALTER TABLE `events` ENABLE KEYS */;
UNLOCK TABLES;

--
-- Table structure for table `roles`
--

DROP TABLE IF EXISTS `roles`;
/*!40101 SET @saved_cs_client     = @@character_set_client */;
/*!50503 SET character_set_client = utf8mb4 */;
CREATE TABLE `roles` (
  `id` int NOT NULL AUTO_INCREMENT,
  `name` varchar(100) COLLATE utf8mb4_unicode_ci NOT NULL,
  `description` varchar(255) COLLATE utf8mb4_unicode_ci NOT NULL,
  PRIMARY KEY (`id`),
  UNIQUE KEY `roles_name_key` (`name`)
) ENGINE=InnoDB AUTO_INCREMENT=4 DEFAULT CHARSET=utf8mb4 COLLATE=utf8mb4_unicode_ci;
/*!40101 SET character_set_client = @saved_cs_client */;

--
-- Dumping data for table `roles`
--

LOCK TABLES `roles` WRITE;
/*!40000 ALTER TABLE `roles` DISABLE KEYS */;
INSERT INTO `roles` VALUES (1,'ADMIN','Quản trị hệ thống'),(2,'USER','Người dùng bình thường');
/*!40000 ALTER TABLE `roles` ENABLE KEYS */;
UNLOCK TABLES;

--
-- Table structure for table `session`
--

DROP TABLE IF EXISTS `session`;
/*!40101 SET @saved_cs_client     = @@character_set_client */;
/*!50503 SET character_set_client = utf8mb4 */;
CREATE TABLE `session` (
  `id` varchar(191) COLLATE utf8mb4_unicode_ci NOT NULL,
  `sid` varchar(191) COLLATE utf8mb4_unicode_ci NOT NULL,
  `data` mediumtext COLLATE utf8mb4_unicode_ci NOT NULL,
  `expiresAt` datetime(3) NOT NULL,
  PRIMARY KEY (`id`),
  UNIQUE KEY `Session_sid_key` (`sid`)
) ENGINE=InnoDB DEFAULT CHARSET=utf8mb4 COLLATE=utf8mb4_unicode_ci;
/*!40101 SET character_set_client = @saved_cs_client */;

--
-- Dumping data for table `session`
--

LOCK TABLES `session` WRITE;
/*!40000 ALTER TABLE `session` DISABLE KEYS */;
INSERT INTO `session` VALUES ('_CeoKa8iWCe343v1R5q1Ab85j9MGWQDr','_CeoKa8iWCe343v1R5q1Ab85j9MGWQDr','{\"cookie\":{\"originalMaxAge\":604800000,\"expires\":\"2025-12-17T15:29:19.008Z\",\"httpOnly\":true,\"path\":\"/\"}}','2025-12-17 15:29:19.008'),('_KbgLVcBgeq_fpkcEh5KxAOflPk4LcVE','_KbgLVcBgeq_fpkcEh5KxAOflPk4LcVE','{\"cookie\":{\"originalMaxAge\":604800000,\"expires\":\"2025-12-17T13:05:51.031Z\",\"httpOnly\":true,\"path\":\"/\"}}','2025-12-17 13:05:51.031'),('_lf_5f7kdyidKOzAFDy9y52sPuifYc4-','_lf_5f7kdyidKOzAFDy9y52sPuifYc4-','{\"cookie\":{\"originalMaxAge\":604800000,\"expires\":\"2025-12-20T13:28:14.726Z\",\"httpOnly\":true,\"path\":\"/\"}}','2025-12-20 13:28:14.726'),('-giegT-1fqtEKvOnlA_LhhFrE56--9VO','-giegT-1fqtEKvOnlA_LhhFrE56--9VO','{\"cookie\":{\"originalMaxAge\":604800000,\"expires\":\"2025-12-17T15:55:17.189Z\",\"httpOnly\":true,\"path\":\"/\"}}','2025-12-17 15:55:17.189'),('-rPZL2es3gXr4yn1Njomal5cIVKJKc18','-rPZL2es3gXr4yn1Njomal5cIVKJKc18','{\"cookie\":{\"originalMaxAge\":604800000,\"expires\":\"2025-12-17T15:30:21.430Z\",\"httpOnly\":true,\"path\":\"/\"}}','2025-12-17 15:30:21.430'),('0EjsLCX5tsuccqBitZZ5WvxsJRD9mv9V','0EjsLCX5tsuccqBitZZ5WvxsJRD9mv9V','{\"cookie\":{\"originalMaxAge\":604800000,\"expires\":\"2025-12-17T15:59:29.741Z\",\"httpOnly\":true,\"path\":\"/\"}}','2025-12-17 15:59:29.741'),('18kXm02EstKZBM7Eq2qqc2CxMzdMGGtc','18kXm02EstKZBM7Eq2qqc2CxMzdMGGtc','{\"cookie\":{\"originalMaxAge\":604800000,\"expires\":\"2025-12-20T16:04:22.741Z\",\"httpOnly\":true,\"path\":\"/\"}}','2025-12-20 16:04:22.741'),('1eg3bk8uwY4GZX2PW5r3Yg3uL7EHgGxC','1eg3bk8uwY4GZX2PW5r3Yg3uL7EHgGxC','{\"cookie\":{\"originalMaxAge\":604800000,\"expires\":\"2025-12-17T15:28:58.672Z\",\"httpOnly\":true,\"path\":\"/\"}}','2025-12-17 15:28:58.672'),('1po0bB9XQT76TTEZI5sr4kW9iK6d5rIi','1po0bB9XQT76TTEZI5sr4kW9iK6d5rIi','{\"cookie\":{\"originalMaxAge\":604800000,\"expires\":\"2025-12-20T13:37:49.447Z\",\"httpOnly\":true,\"path\":\"/\"}}','2025-12-20 13:37:49.447'),('29_w82nbNOY1UT4NbPTZBnDaKMK3FEI6','29_w82nbNOY1UT4NbPTZBnDaKMK3FEI6','{\"cookie\":{\"originalMaxAge\":604800000,\"expires\":\"2025-12-20T13:37:49.448Z\",\"httpOnly\":true,\"path\":\"/\"}}','2025-12-20 13:37:49.448'),('34czscv7DRgXiWJsJWN0X9Sc_iEhnTrr','34czscv7DRgXiWJsJWN0X9Sc_iEhnTrr','{\"cookie\":{\"originalMaxAge\":604800000,\"expires\":\"2025-12-17T13:05:51.706Z\",\"httpOnly\":true,\"path\":\"/\"}}','2025-12-17 13:05:51.706'),('3Nq0meaOfSWWJoU0LM-qn9-N8PjulkXa','3Nq0meaOfSWWJoU0LM-qn9-N8PjulkXa','{\"cookie\":{\"originalMaxAge\":604800000,\"expires\":\"2025-12-20T13:37:49.448Z\",\"httpOnly\":true,\"path\":\"/\"}}','2025-12-20 13:37:49.448'),('5gHJMfRRMqxwq9tOrBIWBp9ZBYpYhyGO','5gHJMfRRMqxwq9tOrBIWBp9ZBYpYhyGO','{\"cookie\":{\"originalMaxAge\":604800000,\"expires\":\"2025-12-20T13:38:50.452Z\",\"httpOnly\":true,\"path\":\"/\"}}','2025-12-20 13:38:50.452'),('6AyrPNpE1fVCgTcLhv0GI9njCSYm-a8U','6AyrPNpE1fVCgTcLhv0GI9njCSYm-a8U','{\"cookie\":{\"originalMaxAge\":604800000,\"expires\":\"2025-12-17T15:30:21.753Z\",\"httpOnly\":true,\"path\":\"/\"}}','2025-12-17 15:30:21.753'),('9hUHeYWntnzVeFYL5914gznjK7YTRZi6','9hUHeYWntnzVeFYL5914gznjK7YTRZi6','{\"cookie\":{\"originalMaxAge\":604800000,\"expires\":\"2025-12-17T13:05:51.665Z\",\"httpOnly\":true,\"path\":\"/\"}}','2025-12-17 13:05:51.665'),('9hx6n8Fp5FlTXKHL2_XvxujkG7AhK6is','9hx6n8Fp5FlTXKHL2_XvxujkG7AhK6is','{\"cookie\":{\"originalMaxAge\":604800000,\"expires\":\"2025-12-17T15:30:21.482Z\",\"httpOnly\":true,\"path\":\"/\"}}','2025-12-17 15:30:21.482'),('aAQWSw6f6tzTUBF4eaUEJyZVDYpf3D9Q','aAQWSw6f6tzTUBF4eaUEJyZVDYpf3D9Q','{\"cookie\":{\"originalMaxAge\":604800000,\"expires\":\"2025-12-17T15:32:56.779Z\",\"httpOnly\":true,\"path\":\"/\"}}','2025-12-17 15:32:56.779'),('aetKxNBc9kS0o8YHpi6lC7sSnC47DCET','aetKxNBc9kS0o8YHpi6lC7sSnC47DCET','{\"cookie\":{\"originalMaxAge\":604800000,\"expires\":\"2025-12-20T13:38:50.066Z\",\"httpOnly\":true,\"path\":\"/\"}}','2025-12-20 13:38:50.066'),('aFvNdeTWR3x1GcpDQdqlwLwd7HMt6O7Q','aFvNdeTWR3x1GcpDQdqlwLwd7HMt6O7Q','{\"cookie\":{\"originalMaxAge\":604800000,\"expires\":\"2025-12-20T13:38:50.486Z\",\"httpOnly\":true,\"path\":\"/\"}}','2025-12-20 13:38:50.486'),('awLz5iPqxi6KdIDPOUaG-lO6Zs88oSSH','awLz5iPqxi6KdIDPOUaG-lO6Zs88oSSH','{\"cookie\":{\"originalMaxAge\":604800000,\"expires\":\"2025-12-20T13:37:49.449Z\",\"httpOnly\":true,\"path\":\"/\"}}','2025-12-20 13:37:49.449'),('BFiGalcGYftPrTXub9ZQp4blA2txSkDP','BFiGalcGYftPrTXub9ZQp4blA2txSkDP','{\"cookie\":{\"originalMaxAge\":604800000,\"expires\":\"2025-12-17T15:21:32.624Z\",\"httpOnly\":true,\"path\":\"/\"}}','2025-12-17 15:21:32.624'),('Bs5IMQzFi6uaDcy8x8joPpKd2zMH9QCu','Bs5IMQzFi6uaDcy8x8joPpKd2zMH9QCu','{\"cookie\":{\"originalMaxAge\":604800000,\"expires\":\"2025-12-17T15:55:12.267Z\",\"httpOnly\":true,\"path\":\"/\"}}','2025-12-17 15:55:12.267'),('BvE7zEyPelvY-0VNyPZAExatVltJ3D-B','BvE7zEyPelvY-0VNyPZAExatVltJ3D-B','{\"cookie\":{\"originalMaxAge\":604800000,\"expires\":\"2025-12-20T15:20:52.098Z\",\"httpOnly\":true,\"path\":\"/\"}}','2025-12-20 15:20:52.098'),('bxodPLPHPhFZwS6GmymZEXCXaP2m9d3D','bxodPLPHPhFZwS6GmymZEXCXaP2m9d3D','{\"cookie\":{\"originalMaxAge\":604800000,\"expires\":\"2025-12-20T13:38:50.054Z\",\"httpOnly\":true,\"path\":\"/\"}}','2025-12-20 13:38:50.054'),('C7KHKdQ6EMnoGByX1V8T_lMgKPwU_YLW','C7KHKdQ6EMnoGByX1V8T_lMgKPwU_YLW','{\"cookie\":{\"originalMaxAge\":604800000,\"expires\":\"2025-12-17T15:53:52.676Z\",\"httpOnly\":true,\"path\":\"/\"}}','2025-12-17 15:53:52.676'),('CJ8gyOyjzucLcgbViUGjXb1NkDw1iSC1','CJ8gyOyjzucLcgbViUGjXb1NkDw1iSC1','{\"cookie\":{\"originalMaxAge\":604800000,\"expires\":\"2025-12-20T15:20:52.106Z\",\"httpOnly\":true,\"path\":\"/\"}}','2025-12-20 15:20:52.106'),('CW9SSYxa7kNuC_9hc0ql66Cq_amOIDgc','CW9SSYxa7kNuC_9hc0ql66Cq_amOIDgc','{\"cookie\":{\"originalMaxAge\":604800000,\"expires\":\"2025-12-17T15:58:52.751Z\",\"httpOnly\":true,\"path\":\"/\"}}','2025-12-17 15:58:52.751'),('d6S6wACyU6r13Tq6HNNcw8WRalTFadW_','d6S6wACyU6r13Tq6HNNcw8WRalTFadW_','{\"cookie\":{\"originalMaxAge\":604800000,\"expires\":\"2025-12-17T15:52:13.797Z\",\"httpOnly\":true,\"path\":\"/\"}}','2025-12-17 15:52:13.797'),('dEa8USipb4mQw2PWZ3kSh8wU4FeWZI5n','dEa8USipb4mQw2PWZ3kSh8wU4FeWZI5n','{\"cookie\":{\"originalMaxAge\":604800000,\"expires\":\"2025-12-17T15:29:15.757Z\",\"httpOnly\":true,\"path\":\"/\"}}','2025-12-17 15:29:15.757'),('DqEWPShLircqGWqi_W53k7mE_ls4YTv6','DqEWPShLircqGWqi_W53k7mE_ls4YTv6','{\"cookie\":{\"originalMaxAge\":604800000,\"expires\":\"2025-12-20T13:37:49.481Z\",\"httpOnly\":true,\"path\":\"/\"}}','2025-12-20 13:37:49.481'),('DRik7kZGRhICxflgECfXvgfP2AXcU0Nf','DRik7kZGRhICxflgECfXvgfP2AXcU0Nf','{\"cookie\":{\"originalMaxAge\":604800000,\"expires\":\"2025-12-17T15:28:04.862Z\",\"httpOnly\":true,\"path\":\"/\"}}','2025-12-17 15:28:04.862'),('dRQi4aBP3zFlhkayxvDf01oi4UhvNyto','dRQi4aBP3zFlhkayxvDf01oi4UhvNyto','{\"cookie\":{\"originalMaxAge\":604800000,\"expires\":\"2025-12-20T13:28:14.765Z\",\"httpOnly\":true,\"path\":\"/\"}}','2025-12-20 13:28:14.765'),('e68_u3TAGZ8s_vduh_oRnnMpAOkqSpKq','e68_u3TAGZ8s_vduh_oRnnMpAOkqSpKq','{\"cookie\":{\"originalMaxAge\":604800000,\"expires\":\"2025-12-17T15:58:48.590Z\",\"httpOnly\":true,\"path\":\"/\"}}','2025-12-17 15:58:48.590'),('EcIv_99Pk2etyr1Udqaaq4VCkPZ8A3c0','EcIv_99Pk2etyr1Udqaaq4VCkPZ8A3c0','{\"cookie\":{\"originalMaxAge\":604800000,\"expires\":\"2025-12-20T13:38:50.067Z\",\"httpOnly\":true,\"path\":\"/\"}}','2025-12-20 13:38:50.067'),('EfFkVLiEgde5lhFR9Ug73KiIjrnwzlUQ','EfFkVLiEgde5lhFR9Ug73KiIjrnwzlUQ','{\"cookie\":{\"originalMaxAge\":604800000,\"expires\":\"2025-12-20T13:38:50.070Z\",\"httpOnly\":true,\"path\":\"/\"}}','2025-12-20 13:38:50.070'),('EV5t4y12z0VIL0iLexTdG2Y_gZXmzJYz','EV5t4y12z0VIL0iLexTdG2Y_gZXmzJYz','{\"cookie\":{\"originalMaxAge\":604800000,\"expires\":\"2025-12-17T15:54:35.308Z\",\"httpOnly\":true,\"path\":\"/\"}}','2025-12-17 15:54:35.308'),('EXqFYAyBpcUMs5xkEn8J5HTOu_1fTc5g','EXqFYAyBpcUMs5xkEn8J5HTOu_1fTc5g','{\"cookie\":{\"originalMaxAge\":604800000,\"expires\":\"2025-12-17T13:05:51.032Z\",\"httpOnly\":true,\"path\":\"/\"}}','2025-12-17 13:05:51.032'),('FcBEExsgxphppCjCHxaysUfPVsUUMYkm','FcBEExsgxphppCjCHxaysUfPVsUUMYkm','{\"cookie\":{\"originalMaxAge\":604800000,\"expires\":\"2025-12-17T13:05:51.016Z\",\"httpOnly\":true,\"path\":\"/\"}}','2025-12-17 13:05:51.016'),('h1m3hOoyWy5oEytvNuP8OlMPIzTRqz4Z','h1m3hOoyWy5oEytvNuP8OlMPIzTRqz4Z','{\"cookie\":{\"originalMaxAge\":604800000,\"expires\":\"2025-12-17T15:56:42.973Z\",\"httpOnly\":true,\"path\":\"/\"}}','2025-12-17 15:56:42.973'),('hHV3-QNl376mROyiWz5DNTbsE0xg7o1h','hHV3-QNl376mROyiWz5DNTbsE0xg7o1h','{\"cookie\":{\"originalMaxAge\":604800000,\"expires\":\"2025-12-17T15:30:21.694Z\",\"httpOnly\":true,\"path\":\"/\"}}','2025-12-17 15:30:21.694'),('hXRfUCHHJoS_lwa_N98F1vtHYF_5iEQE','hXRfUCHHJoS_lwa_N98F1vtHYF_5iEQE','{\"cookie\":{\"originalMaxAge\":604800000,\"expires\":\"2025-12-17T15:52:14.878Z\",\"httpOnly\":true,\"path\":\"/\"}}','2025-12-17 15:52:14.878'),('IMc92o-05ycp4_VO8wMnKNLCUhvaB8Bb','IMc92o-05ycp4_VO8wMnKNLCUhvaB8Bb','{\"cookie\":{\"originalMaxAge\":604800000,\"expires\":\"2025-12-17T15:53:40.684Z\",\"httpOnly\":true,\"path\":\"/\"}}','2025-12-17 15:53:40.684'),('ItGZlSZIZVGNW0S-ws6FQIcNFo9Av7bZ','ItGZlSZIZVGNW0S-ws6FQIcNFo9Av7bZ','{\"cookie\":{\"originalMaxAge\":604800000,\"expires\":\"2025-12-20T13:28:14.734Z\",\"httpOnly\":true,\"path\":\"/\"}}','2025-12-20 13:28:14.734'),('ixFEmpNcn5nzTKfLH2phl3LARWOvxWcj','ixFEmpNcn5nzTKfLH2phl3LARWOvxWcj','{\"cookie\":{\"originalMaxAge\":604800000,\"expires\":\"2025-12-17T13:05:51.671Z\",\"httpOnly\":true,\"path\":\"/\"}}','2025-12-17 13:05:51.671'),('J9zweUcMMcTIR60V1ClMp0F7i2fIqUsj','J9zweUcMMcTIR60V1ClMp0F7i2fIqUsj','{\"cookie\":{\"originalMaxAge\":604800000,\"expires\":\"2025-12-17T15:55:26.182Z\",\"httpOnly\":true,\"path\":\"/\"}}','2025-12-17 15:55:26.182'),('JDQc7U8Z1LIGGx8GFxZhkllf2BhmIhpl','JDQc7U8Z1LIGGx8GFxZhkllf2BhmIhpl','{\"cookie\":{\"originalMaxAge\":604800000,\"expires\":\"2025-12-20T13:38:50.454Z\",\"httpOnly\":true,\"path\":\"/\"}}','2025-12-20 13:38:50.454'),('K7MZF5cRx-R5o15CSml9O5PLko_Bv7We','K7MZF5cRx-R5o15CSml9O5PLko_Bv7We','{\"cookie\":{\"originalMaxAge\":604800000,\"expires\":\"2025-12-17T15:30:21.755Z\",\"httpOnly\":true,\"path\":\"/\"}}','2025-12-17 15:30:21.755'),('kAUu97gZ37Ys8cwwI9vmPX2U18vO2qGq','kAUu97gZ37Ys8cwwI9vmPX2U18vO2qGq','{\"cookie\":{\"originalMaxAge\":604800000,\"expires\":\"2025-12-20T15:20:52.070Z\",\"httpOnly\":true,\"path\":\"/\"}}','2025-12-20 15:20:52.070'),('KEcYLiF6SmtdCyFhsXabwSZoGEjUZIj0','KEcYLiF6SmtdCyFhsXabwSZoGEjUZIj0','{\"cookie\":{\"originalMaxAge\":604800000,\"expires\":\"2025-12-17T15:37:33.027Z\",\"httpOnly\":true,\"path\":\"/\"}}','2025-12-17 15:37:33.027'),('KotXGLqfzjpHY0V2_grwvFosB-3itAzR','KotXGLqfzjpHY0V2_grwvFosB-3itAzR','{\"cookie\":{\"originalMaxAge\":604800000,\"expires\":\"2025-12-20T15:20:52.065Z\",\"httpOnly\":true,\"path\":\"/\"}}','2025-12-20 15:20:52.065'),('kpxKqXJ-yUMcRHQnXxMpdeyyMsDzSAZM','kpxKqXJ-yUMcRHQnXxMpdeyyMsDzSAZM','{\"cookie\":{\"originalMaxAge\":604800000,\"expires\":\"2025-12-17T13:05:51.046Z\",\"httpOnly\":true,\"path\":\"/\"}}','2025-12-17 13:05:51.046'),('KrhRlR2Zd10IiuCsCje9FoUhYcpz42Mn','KrhRlR2Zd10IiuCsCje9FoUhYcpz42Mn','{\"cookie\":{\"originalMaxAge\":604800000,\"expires\":\"2025-12-20T13:37:49.488Z\",\"httpOnly\":true,\"path\":\"/\"}}','2025-12-20 13:37:49.488'),('kT8y9O_vAg-KF6WOpmmtdX9XYib6RbuX','kT8y9O_vAg-KF6WOpmmtdX9XYib6RbuX','{\"cookie\":{\"originalMaxAge\":604800000,\"expires\":\"2025-12-20T13:28:14.735Z\",\"httpOnly\":true,\"path\":\"/\"}}','2025-12-20 13:28:14.735'),('kTHU08wWn2pG0xZezSs7aXZ77L6hCFE3','kTHU08wWn2pG0xZezSs7aXZ77L6hCFE3','{\"cookie\":{\"originalMaxAge\":604800000,\"expires\":\"2025-12-17T15:54:44.820Z\",\"httpOnly\":true,\"path\":\"/\"}}','2025-12-17 15:54:44.820'),('kz3WMxHArOo3JiOE1VdSc0Len8-KFrV4','kz3WMxHArOo3JiOE1VdSc0Len8-KFrV4','{\"cookie\":{\"originalMaxAge\":604800000,\"expires\":\"2025-12-17T15:54:47.036Z\",\"httpOnly\":true,\"path\":\"/\"}}','2025-12-17 15:54:47.036'),('LH3pWhUHGaI4wGZofP7A13ynf_atey2C','LH3pWhUHGaI4wGZofP7A13ynf_atey2C','{\"cookie\":{\"originalMaxAge\":604800000,\"expires\":\"2025-12-17T15:28:54.233Z\",\"httpOnly\":true,\"path\":\"/\"}}','2025-12-17 15:28:54.233'),('m1PLpCoNmGGhvexkwiAstie6XS7NJOJs','m1PLpCoNmGGhvexkwiAstie6XS7NJOJs','{\"cookie\":{\"originalMaxAge\":604800000,\"expires\":\"2025-12-17T13:05:51.719Z\",\"httpOnly\":true,\"path\":\"/\"}}','2025-12-17 13:05:51.719'),('mBI6_CQFyeKjt_ngXZ_FVhSXpv7s_Dgc','mBI6_CQFyeKjt_ngXZ_FVhSXpv7s_Dgc','{\"cookie\":{\"originalMaxAge\":604800000,\"expires\":\"2025-12-17T13:05:51.675Z\",\"httpOnly\":true,\"path\":\"/\"}}','2025-12-17 13:05:51.675'),('MjOHLtdR20YmH0VqozHbxQM3x4DnQRdM','MjOHLtdR20YmH0VqozHbxQM3x4DnQRdM','{\"cookie\":{\"originalMaxAge\":604800000,\"expires\":\"2025-12-20T16:04:22.739Z\",\"httpOnly\":true,\"path\":\"/\"}}','2025-12-20 16:04:22.739'),('MOVrYpaPdWl2Xthk1_G9jA4SzJR68I0E','MOVrYpaPdWl2Xthk1_G9jA4SzJR68I0E','{\"cookie\":{\"originalMaxAge\":604800000,\"expires\":\"2025-12-17T13:05:51.028Z\",\"httpOnly\":true,\"path\":\"/\"}}','2025-12-17 13:05:51.028'),('MrXI3vYJeKKYd04Bmd-0L1qyjGtu5Fxw','MrXI3vYJeKKYd04Bmd-0L1qyjGtu5Fxw','{\"cookie\":{\"originalMaxAge\":604800000,\"expires\":\"2025-12-17T13:05:51.724Z\",\"httpOnly\":true,\"path\":\"/\"}}','2025-12-17 13:05:51.724'),('mxpdQeitnjrQdtnHBO3fNnTNE9jmdIRr','mxpdQeitnjrQdtnHBO3fNnTNE9jmdIRr','{\"cookie\":{\"originalMaxAge\":604800000,\"expires\":\"2025-12-20T13:38:50.068Z\",\"httpOnly\":true,\"path\":\"/\"}}','2025-12-20 13:38:50.068'),('Nb5DwUqVr8AAMnauWJwFVtJdMl5lrzAB','Nb5DwUqVr8AAMnauWJwFVtJdMl5lrzAB','{\"cookie\":{\"originalMaxAge\":604800000,\"expires\":\"2025-12-17T15:30:21.480Z\",\"httpOnly\":true,\"path\":\"/\"}}','2025-12-17 15:30:21.480'),('ng_2jXKVtK0O-x92y00-mamtPjFmMC5-','ng_2jXKVtK0O-x92y00-mamtPjFmMC5-','{\"cookie\":{\"originalMaxAge\":604800000,\"expires\":\"2025-12-20T13:38:50.463Z\",\"httpOnly\":true,\"path\":\"/\"}}','2025-12-20 13:38:50.463'),('O0kx5crI_PZhjQCMxP6_bXKeVlctd1VZ','O0kx5crI_PZhjQCMxP6_bXKeVlctd1VZ','{\"cookie\":{\"originalMaxAge\":604800000,\"expires\":\"2025-12-17T15:21:25.694Z\",\"httpOnly\":true,\"path\":\"/\"}}','2025-12-17 15:21:25.694'),('ogyJwk4Q_71Hvs73BddiPvc1KhGuvDG5','ogyJwk4Q_71Hvs73BddiPvc1KhGuvDG5','{\"cookie\":{\"originalMaxAge\":604800000,\"expires\":\"2025-12-20T15:20:52.093Z\",\"httpOnly\":true,\"path\":\"/\"}}','2025-12-20 15:20:52.093'),('owMTSQrQGvl56Tn_LIp1AoOYl6QNgqFN','owMTSQrQGvl56Tn_LIp1AoOYl6QNgqFN','{\"cookie\":{\"originalMaxAge\":604800000,\"expires\":\"2025-12-20T13:37:49.468Z\",\"httpOnly\":true,\"path\":\"/\"}}','2025-12-20 13:37:49.468'),('plIUI5GzSif5LL_FUhcYiJwYnx5oLqGR','plIUI5GzSif5LL_FUhcYiJwYnx5oLqGR','{\"cookie\":{\"originalMaxAge\":604800000,\"expires\":\"2025-12-17T15:30:21.484Z\",\"httpOnly\":true,\"path\":\"/\"}}','2025-12-17 15:30:21.484'),('pq7Fo9j5pHBq_qeGJCv-PfqAAbQaLJOO','pq7Fo9j5pHBq_qeGJCv-PfqAAbQaLJOO','{\"cookie\":{\"originalMaxAge\":604800000,\"expires\":\"2025-12-17T13:05:51.668Z\",\"httpOnly\":true,\"path\":\"/\"}}','2025-12-17 13:05:51.668'),('R1BCuJz1ZNtvDUHFIPrb35cDW5WLqddK','R1BCuJz1ZNtvDUHFIPrb35cDW5WLqddK','{\"cookie\":{\"originalMaxAge\":604800000,\"expires\":\"2025-12-17T15:29:30.308Z\",\"httpOnly\":true,\"path\":\"/\"}}','2025-12-17 15:29:30.308'),('r4cuo_7BbrFouRkuu0lsF2K4Z2e7UIHs','r4cuo_7BbrFouRkuu0lsF2K4Z2e7UIHs','{\"cookie\":{\"originalMaxAge\":604800000,\"expires\":\"2025-12-17T15:53:21.879Z\",\"httpOnly\":true,\"path\":\"/\"}}','2025-12-17 15:53:21.879'),('ReebTpSGIV7JM9Gtg6pi-ObYCRBzm6iL','ReebTpSGIV7JM9Gtg6pi-ObYCRBzm6iL','{\"cookie\":{\"originalMaxAge\":604800000,\"expires\":\"2025-12-20T13:38:50.451Z\",\"httpOnly\":true,\"path\":\"/\"}}','2025-12-20 13:38:50.451'),('Rw1qNhWZwoSZbuZ-jYtSKunshNKb1LST','Rw1qNhWZwoSZbuZ-jYtSKunshNKb1LST','{\"cookie\":{\"originalMaxAge\":604800000,\"expires\":\"2025-12-20T13:28:14.787Z\",\"httpOnly\":true,\"path\":\"/\"}}','2025-12-20 13:28:14.787'),('S-E82xVGFoUUUDq2NdDJ9YgntKmubzYH','S-E82xVGFoUUUDq2NdDJ9YgntKmubzYH','{\"cookie\":{\"originalMaxAge\":604800000,\"expires\":\"2025-12-20T13:28:14.733Z\",\"httpOnly\":true,\"path\":\"/\"}}','2025-12-20 13:28:14.733'),('s1TRSbOrvkPsfxROCwR5FUcDt59Yusbp','s1TRSbOrvkPsfxROCwR5FUcDt59Yusbp','{\"cookie\":{\"originalMaxAge\":604800000,\"expires\":\"2025-12-17T13:05:51.033Z\",\"httpOnly\":true,\"path\":\"/\"}}','2025-12-17 13:05:51.033'),('S92grWQtjuZ99XgVP5lDNc18NVpOzX8R','S92grWQtjuZ99XgVP5lDNc18NVpOzX8R','{\"cookie\":{\"originalMaxAge\":604800000,\"expires\":\"2025-12-17T15:30:21.479Z\",\"httpOnly\":true,\"path\":\"/\"}}','2025-12-17 15:30:21.479'),('sATODyix7TTEFgKEFX3dLsU-NFeT3-Q_','sATODyix7TTEFgKEFX3dLsU-NFeT3-Q_','{\"cookie\":{\"originalMaxAge\":604800000,\"expires\":\"2025-12-20T15:20:52.067Z\",\"httpOnly\":true,\"path\":\"/\"}}','2025-12-20 15:20:52.067'),('SMY0gyQ8eH6BghmQ1amhMjEzuvPsvPFN','SMY0gyQ8eH6BghmQ1amhMjEzuvPsvPFN','{\"cookie\":{\"originalMaxAge\":604800000,\"expires\":\"2025-12-20T16:04:22.735Z\",\"httpOnly\":true,\"path\":\"/\"}}','2025-12-20 16:04:22.735'),('T-sqSGo7jnDBgeoqbKkfkq1i6K92W9s4','T-sqSGo7jnDBgeoqbKkfkq1i6K92W9s4','{\"cookie\":{\"originalMaxAge\":604800000,\"expires\":\"2025-12-17T15:56:11.803Z\",\"httpOnly\":true,\"path\":\"/\"}}','2025-12-17 15:56:11.803'),('t5_EzYvMZau6p-jPFlVFVTqbAN38wEsU','t5_EzYvMZau6p-jPFlVFVTqbAN38wEsU','{\"cookie\":{\"originalMaxAge\":604800000,\"expires\":\"2025-12-17T15:53:43.895Z\",\"httpOnly\":true,\"path\":\"/\"}}','2025-12-17 15:53:43.895'),('TBDQIb8nOuIkWriFaGvdfyL1g4-ZmJuz','TBDQIb8nOuIkWriFaGvdfyL1g4-ZmJuz','{\"cookie\":{\"originalMaxAge\":604800000,\"expires\":\"2025-12-20T13:28:14.737Z\",\"httpOnly\":true,\"path\":\"/\"}}','2025-12-20 13:28:14.737'),('TGoqmpmzCU6CCLf6EcPupo0xm7DBRlTV','TGoqmpmzCU6CCLf6EcPupo0xm7DBRlTV','{\"cookie\":{\"originalMaxAge\":604800000,\"expires\":\"2025-12-20T13:28:14.782Z\",\"httpOnly\":true,\"path\":\"/\"}}','2025-12-20 13:28:14.782'),('tqn3LGh1p2Ppn7Ff2ClXxROkBfkC-QNn','tqn3LGh1p2Ppn7Ff2ClXxROkBfkC-QNn','{\"cookie\":{\"originalMaxAge\":604800000,\"expires\":\"2025-12-20T13:38:50.453Z\",\"httpOnly\":true,\"path\":\"/\"}}','2025-12-20 13:38:50.453'),('tx8CBQvu5Ty1XDqiT1UQnEjQ85vPTPZS','tx8CBQvu5Ty1XDqiT1UQnEjQ85vPTPZS','{\"cookie\":{\"originalMaxAge\":604800000,\"expires\":\"2025-12-17T15:57:25.823Z\",\"httpOnly\":true,\"path\":\"/\"}}','2025-12-17 15:57:25.823'),('U-exBysFKA_sZM5pNrhCeBPuW6UVECPT','U-exBysFKA_sZM5pNrhCeBPuW6UVECPT','{\"cookie\":{\"originalMaxAge\":604800000,\"expires\":\"2025-12-20T15:20:52.068Z\",\"httpOnly\":true,\"path\":\"/\"}}','2025-12-20 15:20:52.068'),('U3RhcjAgcdXqAfC78vCeHIotF_zLhIWY','U3RhcjAgcdXqAfC78vCeHIotF_zLhIWY','{\"cookie\":{\"originalMaxAge\":604800000,\"expires\":\"2025-12-20T16:04:22.753Z\",\"httpOnly\":true,\"path\":\"/\"}}','2025-12-20 16:04:22.753'),('UlB1I867G_w5g8-mw_Ja4oU5BKJ148BO','UlB1I867G_w5g8-mw_Ja4oU5BKJ148BO','{\"cookie\":{\"originalMaxAge\":604800000,\"expires\":\"2025-12-20T13:37:49.483Z\",\"httpOnly\":true,\"path\":\"/\"}}','2025-12-20 13:37:49.483'),('uP8cR6YSUWFl9vXkZ6M26bN3j15YV17A','uP8cR6YSUWFl9vXkZ6M26bN3j15YV17A','{\"cookie\":{\"originalMaxAge\":604800000,\"expires\":\"2025-12-17T15:29:22.580Z\",\"httpOnly\":true,\"path\":\"/\"}}','2025-12-17 15:29:22.580'),('UZ2Kw1CCY7wEu-U1J88OpowODzrvDWQH','UZ2Kw1CCY7wEu-U1J88OpowODzrvDWQH','{\"cookie\":{\"originalMaxAge\":604800000,\"expires\":\"2025-12-17T15:30:09.899Z\",\"httpOnly\":true,\"path\":\"/\"}}','2025-12-17 15:30:09.899'),('V2mBZ4ljVMWRvMoVezIV-fIYNgoCsId4','V2mBZ4ljVMWRvMoVezIV-fIYNgoCsId4','{\"cookie\":{\"originalMaxAge\":604799995,\"expires\":\"2025-12-24T12:09:48.503Z\",\"httpOnly\":true,\"path\":\"/\"}}','2025-12-24 12:09:48.503'),('V5-zFe3eYy7HorLa0lisKgnVOCTl9ffX','V5-zFe3eYy7HorLa0lisKgnVOCTl9ffX','{\"cookie\":{\"originalMaxAge\":604800000,\"expires\":\"2025-12-20T13:38:50.491Z\",\"httpOnly\":true,\"path\":\"/\"}}','2025-12-20 13:38:50.491'),('WpxHklKIyn1UGCIGv9UcurVTSMJWKRIz','WpxHklKIyn1UGCIGv9UcurVTSMJWKRIz','{\"cookie\":{\"originalMaxAge\":604800000,\"expires\":\"2025-12-17T15:58:44.765Z\",\"httpOnly\":true,\"path\":\"/\"}}','2025-12-17 15:58:44.765'),('WTFFHBCkh6W-ouQlkjp-c3rVO4OhR7Gz','WTFFHBCkh6W-ouQlkjp-c3rVO4OhR7Gz','{\"cookie\":{\"originalMaxAge\":604800000,\"expires\":\"2025-12-17T13:05:51.687Z\",\"httpOnly\":true,\"path\":\"/\"}}','2025-12-17 13:05:51.687'),('wuMRfHf_vfdjFMCKsxU5bn8bqqlhQFSE','wuMRfHf_vfdjFMCKsxU5bn8bqqlhQFSE','{\"cookie\":{\"originalMaxAge\":604800000,\"expires\":\"2025-12-20T13:38:50.457Z\",\"httpOnly\":true,\"path\":\"/\"}}','2025-12-20 13:38:50.457'),('WxPEyCniUgeuNVCw-nkPUMbURn61Nmy-','WxPEyCniUgeuNVCw-nkPUMbURn61Nmy-','{\"cookie\":{\"originalMaxAge\":604800000,\"expires\":\"2025-12-17T15:53:27.718Z\",\"httpOnly\":true,\"path\":\"/\"}}','2025-12-17 15:53:27.718'),('wxYAoWT0WUeHgrE8IAv1t3f_Dh_kzz9C','wxYAoWT0WUeHgrE8IAv1t3f_Dh_kzz9C','{\"cookie\":{\"originalMaxAge\":604800000,\"expires\":\"2025-12-17T15:29:10.546Z\",\"httpOnly\":true,\"path\":\"/\"}}','2025-12-17 15:29:10.546'),('x4FfqMUR8xHzfIFnq7kpdSpCsuKv0OxB','x4FfqMUR8xHzfIFnq7kpdSpCsuKv0OxB','{\"cookie\":{\"originalMaxAge\":604800000,\"expires\":\"2025-12-17T15:30:21.693Z\",\"httpOnly\":true,\"path\":\"/\"}}','2025-12-17 15:30:21.693'),('X5AVL3EPD-t3_KRrmjQgSqeH8Q2bDAmU','X5AVL3EPD-t3_KRrmjQgSqeH8Q2bDAmU','{\"cookie\":{\"originalMaxAge\":604800000,\"expires\":\"2025-12-17T15:55:53.775Z\",\"httpOnly\":true,\"path\":\"/\"}}','2025-12-17 15:55:53.775'),('XqcnhFcnp-VsW-lavX6SxOMwuaVTdcPw','XqcnhFcnp-VsW-lavX6SxOMwuaVTdcPw','{\"cookie\":{\"originalMaxAge\":604800000,\"expires\":\"2025-12-17T13:05:51.678Z\",\"httpOnly\":true,\"path\":\"/\"}}','2025-12-17 13:05:51.678'),('XSpyogfuanw25lkTIGZ0YB0ycbj6RcAA','XSpyogfuanw25lkTIGZ0YB0ycbj6RcAA','{\"cookie\":{\"originalMaxAge\":604800000,\"expires\":\"2025-12-20T13:28:14.786Z\",\"httpOnly\":true,\"path\":\"/\"}}','2025-12-20 13:28:14.786'),('YAy9dvc3pKY6vRBt-lq1HnOS1M8b1LJM','YAy9dvc3pKY6vRBt-lq1HnOS1M8b1LJM','{\"cookie\":{\"originalMaxAge\":604800000,\"expires\":\"2025-12-17T15:29:45.071Z\",\"httpOnly\":true,\"path\":\"/\"}}','2025-12-17 15:29:45.071'),('yEA5u20u2O_vvKM4imBjlLXkm3ls6NfC','yEA5u20u2O_vvKM4imBjlLXkm3ls6NfC','{\"cookie\":{\"originalMaxAge\":604800000,\"expires\":\"2025-12-17T15:55:03.879Z\",\"httpOnly\":true,\"path\":\"/\"}}','2025-12-17 15:55:03.879'),('ynT1K6REuoZTFXKuUUQXVhfibtPzB7Re','ynT1K6REuoZTFXKuUUQXVhfibtPzB7Re','{\"cookie\":{\"originalMaxAge\":604800000,\"expires\":\"2025-12-17T15:33:07.834Z\",\"httpOnly\":true,\"path\":\"/\"}}','2025-12-17 15:33:07.834'),('yoKhMwO3R528443LNLtIaRDqOYPI7cTG','yoKhMwO3R528443LNLtIaRDqOYPI7cTG','{\"cookie\":{\"originalMaxAge\":604800000,\"expires\":\"2025-12-20T13:38:50.477Z\",\"httpOnly\":true,\"path\":\"/\"}}','2025-12-20 13:38:50.477'),('ywGnLBdqSDB8JVZVLuU9exD-WKlmJiQA','ywGnLBdqSDB8JVZVLuU9exD-WKlmJiQA','{\"cookie\":{\"originalMaxAge\":604800000,\"expires\":\"2025-12-20T13:37:49.446Z\",\"httpOnly\":true,\"path\":\"/\"}}','2025-12-20 13:37:49.446'),('z74DbiZY2K9x4fOSp6h_YgmejscJsgiX','z74DbiZY2K9x4fOSp6h_YgmejscJsgiX','{\"cookie\":{\"originalMaxAge\":604800000,\"expires\":\"2025-12-17T15:30:21.433Z\",\"httpOnly\":true,\"path\":\"/\"}}','2025-12-17 15:30:21.433'),('zKBojXWJVFOVBc5vdJBhuGu1jiyoOXHS','zKBojXWJVFOVBc5vdJBhuGu1jiyoOXHS','{\"cookie\":{\"originalMaxAge\":604800000,\"expires\":\"2025-12-17T15:52:06.810Z\",\"httpOnly\":true,\"path\":\"/\"}}','2025-12-17 15:52:06.810'),('zukp322JBRxkjwszWe7E5CTFSSy4I3WI','zukp322JBRxkjwszWe7E5CTFSSy4I3WI','{\"cookie\":{\"originalMaxAge\":604800000,\"expires\":\"2025-12-17T15:53:52.838Z\",\"httpOnly\":true,\"path\":\"/\"}}','2025-12-17 15:53:52.838'),('zxnLmOeiW1D5muSnZguITg5XWRETcVKS','zxnLmOeiW1D5muSnZguITg5XWRETcVKS','{\"cookie\":{\"originalMaxAge\":604800000,\"expires\":\"2025-12-17T15:55:17.058Z\",\"httpOnly\":true,\"path\":\"/\"}}','2025-12-17 15:55:17.058');
/*!40000 ALTER TABLE `session` ENABLE KEYS */;
UNLOCK TABLES;

--
-- Table structure for table `ticket_cart_detail`
--

DROP TABLE IF EXISTS `ticket_cart_detail`;
/*!40101 SET @saved_cs_client     = @@character_set_client */;
/*!50503 SET character_set_client = utf8mb4 */;
CREATE TABLE `ticket_cart_detail` (
  `id` int NOT NULL AUTO_INCREMENT,
  `quantity` int NOT NULL,
  `price` int NOT NULL,
  `cartId` int NOT NULL,
  `ticketTypeId` int NOT NULL,
  PRIMARY KEY (`id`),
  KEY `ticket_cart_detail_cartId_fkey` (`cartId`),
  KEY `ticket_cart_detail_ticketTypeId_fkey` (`ticketTypeId`),
  CONSTRAINT `ticket_cart_detail_cartId_fkey` FOREIGN KEY (`cartId`) REFERENCES `ticket_carts` (`id`) ON DELETE RESTRICT ON UPDATE CASCADE,
  CONSTRAINT `ticket_cart_detail_ticketTypeId_fkey` FOREIGN KEY (`ticketTypeId`) REFERENCES `ticket_types` (`id`) ON DELETE RESTRICT ON UPDATE CASCADE
) ENGINE=InnoDB AUTO_INCREMENT=218 DEFAULT CHARSET=utf8mb4 COLLATE=utf8mb4_unicode_ci;
/*!40101 SET character_set_client = @saved_cs_client */;

--
-- Dumping data for table `ticket_cart_detail`
--

LOCK TABLES `ticket_cart_detail` WRITE;
/*!40000 ALTER TABLE `ticket_cart_detail` DISABLE KEYS */;
/*!40000 ALTER TABLE `ticket_cart_detail` ENABLE KEYS */;
UNLOCK TABLES;

--
-- Table structure for table `ticket_carts`
--

DROP TABLE IF EXISTS `ticket_carts`;
/*!40101 SET @saved_cs_client     = @@character_set_client */;
/*!50503 SET character_set_client = utf8mb4 */;
CREATE TABLE `ticket_carts` (
  `id` int NOT NULL AUTO_INCREMENT,
  `sum` int NOT NULL,
  `userId` int NOT NULL,
  `createdAt` datetime(3) NOT NULL DEFAULT CURRENT_TIMESTAMP(3),
  `updatedAt` datetime(3) NOT NULL DEFAULT CURRENT_TIMESTAMP(3),
  PRIMARY KEY (`id`),
  UNIQUE KEY `ticket_carts_userId_key` (`userId`),
  CONSTRAINT `ticket_carts_userId_fkey` FOREIGN KEY (`userId`) REFERENCES `users` (`id`) ON DELETE RESTRICT ON UPDATE CASCADE
) ENGINE=InnoDB AUTO_INCREMENT=117 DEFAULT CHARSET=utf8mb4 COLLATE=utf8mb4_unicode_ci;
/*!40101 SET character_set_client = @saved_cs_client */;

--
-- Dumping data for table `ticket_carts`
--

LOCK TABLES `ticket_carts` WRITE;
/*!40000 ALTER TABLE `ticket_carts` DISABLE KEYS */;
/*!40000 ALTER TABLE `ticket_carts` ENABLE KEYS */;
UNLOCK TABLES;

--
-- Table structure for table `ticket_order_detail`
--

DROP TABLE IF EXISTS `ticket_order_detail`;
/*!40101 SET @saved_cs_client     = @@character_set_client */;
/*!50503 SET character_set_client = utf8mb4 */;
CREATE TABLE `ticket_order_detail` (
  `id` int NOT NULL AUTO_INCREMENT,
  `quantity` int NOT NULL,
  `price` int NOT NULL,
  `orderId` int NOT NULL,
  `ticketTypeId` int NOT NULL,
  PRIMARY KEY (`id`),
  KEY `ticket_order_detail_orderId_fkey` (`orderId`),
  KEY `ticket_order_detail_ticketTypeId_fkey` (`ticketTypeId`),
  CONSTRAINT `ticket_order_detail_orderId_fkey` FOREIGN KEY (`orderId`) REFERENCES `ticket_orders` (`id`) ON DELETE RESTRICT ON UPDATE CASCADE,
  CONSTRAINT `ticket_order_detail_ticketTypeId_fkey` FOREIGN KEY (`ticketTypeId`) REFERENCES `ticket_types` (`id`) ON DELETE RESTRICT ON UPDATE CASCADE
) ENGINE=InnoDB AUTO_INCREMENT=114 DEFAULT CHARSET=utf8mb4 COLLATE=utf8mb4_unicode_ci;
/*!40101 SET character_set_client = @saved_cs_client */;

--
-- Dumping data for table `ticket_order_detail`
--

LOCK TABLES `ticket_order_detail` WRITE;
/*!40000 ALTER TABLE `ticket_order_detail` DISABLE KEYS */;
INSERT INTO `ticket_order_detail` VALUES (1,2,300000,1,1),(2,1,500000,1,2),(3,1,500000,2,1),(4,1,150000,6,25),(5,2,500000,7,31),(6,1,150000,7,29),(7,1,500000,8,15),(8,2,200000,8,76),(9,2,80000,8,75),(10,1,50000,8,61),(11,1,150000,8,58),(12,1,200000,8,80),(13,1,500000,9,15),(14,2,200000,9,76),(15,2,80000,9,75),(16,1,50000,9,61),(17,1,150000,9,58),(18,1,200000,9,80),(19,1,500000,10,15),(20,2,200000,10,76),(21,2,80000,10,75),(22,1,50000,10,61),(23,1,150000,10,58),(24,1,200000,10,80),(28,1,80000,12,77),(29,1,200000,12,79),(32,1,80000,14,77),(33,1,200000,14,79),(34,1,80000,14,78),(35,1,200000,14,80),(44,1,80000,19,78),(45,1,200000,19,80),(61,2,80000,25,75),(62,1,80000,25,78),(63,1,200000,25,80),(64,2,80000,26,75),(65,1,80000,26,78),(66,1,200000,26,80),(67,1,200000,27,80),(68,1,80000,28,78),(82,1,80000,34,75),(83,2,200000,34,76),(84,1,80000,34,78),(85,1,500000,35,15),(86,2,300000,35,21),(87,1,500000,36,15),(88,2,200000,37,74),(89,1,80000,37,77),(90,3,200000,37,79),(91,3,80000,38,73),(92,5,200000,38,74),(93,1,80000,38,77),(94,4,200000,38,79),(95,3,80000,39,73),(96,5,200000,39,74),(97,1,80000,39,77),(98,4,200000,39,79),(99,2,50000,40,49),(100,4,200000,40,50),(101,1,50000,40,53),(102,3,200000,40,55),(103,1,80000,41,77),(104,1,2500000,42,85),(105,1,1000000,43,84),(106,2,2500000,43,85),(107,1,2500000,44,85),(108,1,2500000,45,85),(109,1,2500000,46,85),(110,1,2500000,47,85),(111,1,200000,48,74);
/*!40000 ALTER TABLE `ticket_order_detail` ENABLE KEYS */;
UNLOCK TABLES;

--
-- Table structure for table `ticket_orders`
--

DROP TABLE IF EXISTS `ticket_orders`;
/*!40101 SET @saved_cs_client     = @@character_set_client */;
/*!50503 SET character_set_client = utf8mb4 */;
CREATE TABLE `ticket_orders` (
  `id` int NOT NULL AUTO_INCREMENT,
  `totalPrice` int NOT NULL,
  `receiverPhone` varchar(255) COLLATE utf8mb4_unicode_ci NOT NULL,
  `receiverEmail` varchar(255) COLLATE utf8mb4_unicode_ci DEFAULT NULL,
  `status` varchar(191) COLLATE utf8mb4_unicode_ci NOT NULL DEFAULT 'PENDING',
  `paymentMethod` varchar(191) COLLATE utf8mb4_unicode_ci NOT NULL DEFAULT 'VNPAY',
  `paymentStatus` varchar(191) COLLATE utf8mb4_unicode_ci NOT NULL DEFAULT 'UNPAID',
  `paymentRef` varchar(191) COLLATE utf8mb4_unicode_ci DEFAULT NULL,
  `createdAt` datetime(3) NOT NULL DEFAULT CURRENT_TIMESTAMP(3),
  `userId` int NOT NULL,
  `receiverName` varchar(255) COLLATE utf8mb4_unicode_ci NOT NULL,
  PRIMARY KEY (`id`),
  KEY `ticket_orders_userId_fkey` (`userId`),
  CONSTRAINT `ticket_orders_userId_fkey` FOREIGN KEY (`userId`) REFERENCES `users` (`id`) ON DELETE RESTRICT ON UPDATE CASCADE
) ENGINE=InnoDB AUTO_INCREMENT=50 DEFAULT CHARSET=utf8mb4 COLLATE=utf8mb4_unicode_ci;
/*!40101 SET character_set_client = @saved_cs_client */;

--
-- Dumping data for table `ticket_orders`
--

LOCK TABLES `ticket_orders` WRITE;
/*!40000 ALTER TABLE `ticket_orders` DISABLE KEYS */;
INSERT INTO `ticket_orders` VALUES (1,1100000,'0123456789','email','CANCELLED','VNPAY','SUCCESS',NULL,'2025-10-19 15:46:52.059',1,'Khách hàng'),(2,500000,'0123456789','email','COMPLETED','VNPAY','SUCCESS',NULL,'2025-10-19 15:51:13.289',2,'Khách hàng'),(6,150000,'0123456789','thinh@example.com','COMPLETED','VNPAY','PAYMENT_SUCCESS','6','2025-11-19 15:13:21.514',1,'Nguyễn Chí Thịnh 2812'),(7,1150000,'0123456789','thinh@example.com','CANCELLED','VNPAY','FAILED',NULL,'2025-11-19 15:17:10.913',2,'Nguyễn Chí Thịnh 2812'),(8,1460000,'0123456789','adad@adad.c','CANCELLED','VNPAY','FAILED',NULL,'2025-11-21 12:54:04.360',16,'1'),(9,1460000,'0123456789','adad@adad.c','CANCELLED','VNPAY','FAILED',NULL,'2025-11-21 12:54:29.252',16,'1'),(10,1460000,'0123456789','adad@adad.c','COMPLETED','VNPAY','PAYMENT_SUCCESS','10','2025-11-21 13:04:41.694',16,'1'),(12,280000,'0384404301','aac@g.c','CANCELLED','VNPAY','FAILED',NULL,'2025-11-27 14:16:47.661',12,'Nguyễn Chí Thịnh ptt'),(14,560000,'0384404301','aac@g.c','COMPLETED','VNPAY','SUCCESS','14','2025-11-27 14:18:32.666',12,'Nguyễn Chí Thịnh ptt'),(19,280000,'0384404301','aac@g.c','COMPLETED','VNPAY','SUCCESS','19','2025-11-27 14:28:38.973',12,'Nguyễn Chí Thịnh ptt'),(25,440000,'0384404301','aac@g.c','CANCELLED','VNPAY','UNPAID',NULL,'2025-12-01 03:23:09.279',1,'Nguyễn Chí Thịnh ptt'),(26,440000,'0384404301','aac@g.c','CANCELLED','VNPAY','UNPAID',NULL,'2025-12-01 03:23:30.292',1,'Nguyễn Chí Thịnh ptt'),(27,200000,'0384404301','aac@g.c','COMPLETED','VNPAY','SUCCESS',NULL,'2025-12-01 03:24:03.885',1,'Nguyễn Chí Thịnh ptt'),(28,80000,'0384404301','aac@g.c','COMPLETED','VNPAY','SUCCESS',NULL,'2025-12-01 03:36:02.925',1,'Nguyễn Chí Thịnh ptt'),(34,560000,'0384404301','aac@g.c','COMPLETED','VNPAY','SUCCESS','34','2025-12-01 12:56:38.150',1,'Nguyễn Chí Thịnh ptt'),(35,1100000,'0384404301','nctmdt@gmail.com','COMPLETED','VNPAY','SUCCESS','35','2025-12-03 04:58:44.524',1,'Nguyễn Chí Thịnh ptt'),(36,500000,'0384404301','nctmdt@gmail.com','COMPLETED','VNPAY','SUCCESS','36','2025-12-03 05:13:17.543',1,'Nguyễn Chí Thịnh ptt'),(37,1080000,'0384404301','nctmdt@gmail.com','COMPLETED','VNPAY','SUCCESS','37','2025-12-03 05:31:32.862',1,'Nguyễn Chí Thịnh ptt'),(38,2120000,'0384404301','nctmdt@gmail.com','CANCELLED','VNPAY','FAILED',NULL,'2025-12-03 13:14:40.370',1,'Nguyễn Chí Thịnh ptt'),(39,2120000,'0384404301','nctmdt@gmail.com','COMPLETED','VNPAY','SUCCESS','39','2025-12-03 13:22:25.513',1,'Nguyễn Chí Thịnh ptt'),(40,1550000,'0384404301','nctmdt@gmail.com','COMPLETED','VNPAY','SUCCESS','40','2025-12-07 14:37:08.351',12,'Nguyễn Chí Thịnh ptt'),(41,80000,'0384404301','nctmdt@gmail.com','CANCELLED','VNPAY','FAILED',NULL,'2025-12-10 12:55:34.131',12,'Nguyễn Chí Thịnh ptt'),(42,2500000,'0384404301','adad@g.c','CANCELLED','VNPAY','FAILED',NULL,'2025-12-10 13:39:04.786',1,'Nguyễn Chí Thịnh ptt'),(43,6000000,'0384404301','nctmdt@gmail.com','COMPLETED','VNPAY','SUCCESS','43','2025-12-13 13:30:51.186',1,'Nguyễn Chí Thịnh ptt'),(44,2500000,'0384404301','nctmdt@gmail.com','COMPLETED','VNPAY','SUCCESS','44','2025-12-13 13:33:33.569',1,'Nguyễn Chí Thịnh ptt'),(45,2500000,'0384404301','nctmdt@gmail.com','COMPLETED','VNPAY','SUCCESS','45','2025-12-13 13:39:11.758',12,'Nguyễn Chí Thịnh ptt'),(46,2500000,'0384404301','nctmdt@gmail.com','CANCELLED','VNPAY','FAILED',NULL,'2025-12-13 13:44:47.161',12,'Nguyễn Chí Thịnh ptt'),(47,2500000,'0384404301','nctmdt@gmail.com','CANCELLED','VNPAY','FAILED',NULL,'2025-12-13 13:50:53.463',12,'Nguyễn Chí Thịnh ptt'),(48,200000,'0384404301','nctmdt@gmail.com','CANCELLED','VNPAY','FAILED',NULL,'2025-12-13 14:09:14.611',12,'Nguyễn Chí Thịnh ptt');
/*!40000 ALTER TABLE `ticket_orders` ENABLE KEYS */;
UNLOCK TABLES;

--
-- Table structure for table `ticket_types`
--

DROP TABLE IF EXISTS `ticket_types`;
/*!40101 SET @saved_cs_client     = @@character_set_client */;
/*!50503 SET character_set_client = utf8mb4 */;
CREATE TABLE `ticket_types` (
  `id` int NOT NULL AUTO_INCREMENT,
  `type` varchar(100) COLLATE utf8mb4_unicode_ci NOT NULL,
  `price` int NOT NULL,
  `quantity` int NOT NULL,
  `sold` int DEFAULT '0',
  `eventId` int NOT NULL,
  `description` mediumtext COLLATE utf8mb4_unicode_ci NOT NULL,
  PRIMARY KEY (`id`),
  KEY `ticket_types_eventId_fkey` (`eventId`),
  CONSTRAINT `ticket_types_eventId_fkey` FOREIGN KEY (`eventId`) REFERENCES `events` (`id`) ON DELETE RESTRICT ON UPDATE CASCADE
) ENGINE=InnoDB AUTO_INCREMENT=108 DEFAULT CHARSET=utf8mb4 COLLATE=utf8mb4_unicode_ci;
/*!40101 SET character_set_client = @saved_cs_client */;

--
-- Dumping data for table `ticket_types`
--

LOCK TABLES `ticket_types` WRITE;
/*!40000 ALTER TABLE `ticket_types` DISABLE KEYS */;
INSERT INTO `ticket_types` VALUES (1,'Standard',300000,500,0,4,'Vé thường'),(2,'VIP',800000,100,0,4,'Vé VIP'),(3,'STANDARD',250000,500,0,3,''),(4,'PREMIUM',400000,100,0,3,''),(5,'Standard',300000,500,0,4,'Vé thường'),(6,'VVIP',800000,500,0,3,''),(7,'VIP',800000,100,0,4,'Vé VIP'),(9,'Chilly',100000,0,0,5,'Vé Chilly'),(10,'[Ngày thường] VIP L - Người lớn',550000,111,0,6,'Vé áp dụng vào cổng 2 lần trong cùng ngày check-in vào cổng.\n\nTrải nghiệm VIP:\n- Khu vực nâng cao\n- Tham quan toàn bộ triển lãm ++ hơn 30 chủ đề\n- Thời gian 150 phút\n- 4 hạng mục TITAN'),(11,'Chilly',100000,0,0,5,'Vé Chilly'),(12,'[Ngày thường] VIP S -Trẻ em',390000,11,0,6,'Vé áp dụng vào cổng 2 lần trong cùng ngày check-in vào cổng.\n\nTrải nghiệm VIP:\n- Khu vực nâng cao\n- Tham quan toàn bộ triển lãm ++ hơn 30 chủ đề\n- Thời gian 150 phút\n- 4 hạng mục TITAN'),(15,'LA',500000,97,3,7,''),(17,'CAT 2',1200000,200,0,8,'- KHU VỰC DÀNH CHO NGƯỜI THAM DỰ TỪ ĐỦ 6 TUỔI\n- 01 vé vào cổng khu vực CAT 2 (ngồi)\n- 01 vòng tay (nhận tại sự kiện)\n- 01 Em Xinh &#34;Say Hi&#34; Photocard - random (nhận tại sự kiện)'),(18,'CAT 1',1500000,100,0,8,'KHU VỰC DÀNH CHO NGƯỜI THAM DỰ TỪ ĐỦ 6 TUỔI\n- 01 vé vào cổng khu vực CAT 1 (ngồi)\n- 01 vòng tay (nhận tại sự kiện)\n- 01 Em Xinh &#34;Say Hi&#34; Photocard - random (nhận tại sự kiện)'),(20,'SVIP B',3000000,111,0,8,'KHU VỰC DÀNH CHO NGƯỜI THAM DỰ TỪ ĐỦ 6 TUỔI\n- 01 Vé vào cổng khu vực SVIP (ngồi)\n- 01 Vòng tay (nhận tại sự kiện)\n- 01 Quà tặng đặc biệt – Khăn Bandana (nhận tại sự kiện)\n- 01 Dây đeo thẻ Em Xinh &#34;Say Hi&#34; Concert (nhận tại sự kiện)\n- 01 Thẻ đeo Em Xinh “Say Hi” Concert (nhận tại sự kiện)\n- 01 Túi tote Em Xinh &#34;Say Hi&#34; Concert (nhận tại sự kiện)\n- 01 Em Xinh &#34;Say Hi&#34; Photocard - random (nhận tại sự kiện)\n- Cơ hội tham dự SOUNDCHECK (theo sự sắp xếp của BTC) Random 150 khách hàng'),(21,'GA',600000,198,2,7,'Vé bao gồm 1 bể'),(22,'SVIP A',4000000,200,0,8,'KHU VỰC DÀNH CHO NGƯỜI THAM DỰ TỪ ĐỦ 6 TUỔI\n- 01 Vé vào cổng khu vực SVIP (ngồi)\n- 01 Vòng tay (nhận tại sự kiện)\n- 01 Quà tặng đặc biệt – Khăn Bandana (nhận tại sự kiện)\n- 01 Dây đeo thẻ Em Xinh &#34;Say Hi&#34; Concert (nhận tại sự kiện)\n- 01 Thẻ đeo Em Xinh “Say Hi” Concert (nhận tại sự kiện)\n- 01 Túi tote Em Xinh &#34;Say Hi&#34; Concert (nhận tại sự kiện)\n- 01 Em Xinh &#34;Say Hi&#34; Photocard - random (nhận tại sự kiện)\n- Cơ hội tham dự SOUNDCHECK (theo sự sắp xếp của BTC) Random 150 khách hàng'),(24,'PREMIER LOUNGE',10000000,100,0,8,'KHU VỰC DÀNH CHO NGƯỜI THAM DỰ TỪ ĐỦ 6 TUỔI \n- 01 Vé vào cổng khu vực PREMIER LOUNGE (ngồi)\n- 01 Vòng tay (nhận tại sự kiện)\n- PREMIUM SERVICES (xe Buggy đưa đón, FnB 5*)\n- 01 Dây đeo thẻ Em Xinh &#34;Say Hi&#34; Concert (nhận tại sự kiện)\n- 01 Thẻ đeo Em Xinh “Say Hi” Concert (nhận tại sự kiện)\n- 01 Túi tote Em Xinh &#34;Say Hi&#34; Concert (nhận tại sự kiện)\n- 01 Em Xinh &#34;Say Hi&#34; Photocard - random (nhận tại sự kiện)\n- 01 Quà tặng đặc biệt - Tham dự Group Photo (theo sự sắp xếp của BTC) \n- Cơ hội tham dự SOUNDCHECK (theo sự sắp xếp của BTC) Random 250 khách hàng'),(25,'General',150000,999,1,9,'Vé General'),(26,'VIP',500000,200,0,9,'Vé VIP'),(27,'Vé Sàn S1',1000000,1000,0,10,''),(28,'Vé khán đài B2',200000,200,0,10,''),(29,'General',150000,1000,0,9,'Vé General'),(30,'Vé khán đài B1',200000,1000,0,10,''),(31,'VIP',500000,200,0,9,'Vé VIP'),(32,'Vé khán đài A4',300000,200,0,10,''),(35,'Standard',120000,500,0,12,'Vé Standard'),(36,'Combo 3 phim',300000,200,0,12,'Vé Combo 3 phim'),(38,'Standard',120000,500,0,12,'Vé Standard'),(40,'Combo 3 phim',300000,200,0,12,'Vé Combo 3 phim'),(41,'VIP',180000,1000,0,13,'Hạng vé Standard là hạng vé ngồi trên chính giữa khán đài, được trải nhiệm bóc &#34;Túi Mù&#34; của VBC ! \n\nQuyền lợi:\n- Ra, vào khu vực nhà thi đấu Cầu Giấy vào ngày sự kiện của vé.\n- Vị trí ngồi trên khán đài quan sát trên cao.\n- Được tặng 1 chiếc móc chìa khoá cho mỗi vé VIP.\n- Được tặng 1 chai nước suối.\n- Được tặng 1 chiếc Túi Mù (Mũ/Khăn Bandana/Túi Tote).\n\nLưu ý: Check-in tại QUẦY ĐỔI VÒNG; Không mang theo chó, mèo, vật nuôi thả rông; Không hút thuốc (thuốc lá điện tử) trong nhà thi đấu.'),(42,'VIP',70000,200,0,13,'Vé VIP'),(43,'Thường',250000,1000,0,14,'Vé Thường'),(44,'VIP',700000,200,0,14,'Vé VIP'),(45,'STANDARD',39000,1000,0,13,'Hạng vé Standard là hạng vé khán đài, trải nhiệm bao quát Nhà thi đấu Cầu Giấy\n\nQuyền lợi:\n- Ra, vào khu vực nhà thi đấu Cầu Giấy vào ngày sự kiện của vé.\n- Vị trí ngồi trên khán đài quan sát trên cao.\n- Được tặng 1 chiếc móc chìa khoá cho mỗi vé Standard.\n\nLưu ý: Check-in tại QUẦY ĐỔI VÒNG; Không mang theo chó, mèo, vật nuôi thả rông; Không hút thuốc (thuốc lá điện tử) trong nhà thi đấu.'),(46,'Thường',250000,1000,0,14,'Vé Thường'),(47,'STANDARD FREE',0,200,0,13,'Hạng vé Standard Free là hạng vé khán đài, trải nhiệm bao quát Nhà thi đấu Cầu Giấy\n\nQuyền lợi:\n- Ra, vào khu vực nhà thi đấu Cầu Giấy vào ngày sự kiện của vé.\n- Vị trí ngồi trên khán đài quan sát trên cao.\n\nLưu ý: Check-in tại QUẦY ĐỔI VÒNG; Không mang theo chó, mèo, vật nuôi thả rông; Không hút thuốc (thuốc lá điện tử) trong nhà thi đấu.'),(48,'VIP',700000,200,0,14,'Vé VIP'),(49,'Sinh viên',50000,298,2,15,'Vé Sinh viên'),(50,'Doanh nhân',200000,96,4,15,'Vé Doanh nhân'),(51,'Sinh viên',50000,300,0,16,'Vé Sinh viên'),(52,'Doanh nhân',200000,100,0,16,'Vé Doanh nhân'),(53,'Sinh viên',50000,299,1,15,'Vé Sinh viên'),(54,'Sinh viên',50000,300,0,16,'Vé Sinh viên'),(55,'Doanh nhân',200000,97,3,15,'Vé Doanh nhân'),(56,'Doanh nhân',200000,100,0,16,'Vé Doanh nhân'),(57,'Khán đài thường',50000,3000,0,17,'Vé Khán đài thường'),(58,'Khán đài VIP',150000,499,1,17,'Vé Khán đài VIP'),(60,'VÉ CƠ BẢN',200000,500,0,18,''),(61,'Khán đài thường',50000,2999,1,17,'Vé Khán đài thường'),(62,'VÉ TIÊU CHUẨN',300000,300,0,18,''),(63,'Khán đài VIP',150000,500,0,17,'Vé Khán đài VIP'),(64,'VÉ VIP',400000,500,0,18,''),(66,'KITCHEN - CHUNG KẾT / FINALS',1000000,100,0,19,'Quyền lợi của hạng vé:\n• Có giá trị sử dụng để đổi vòng tay và ra vào cổng trong ngày 04/10/2025.\n• Ngồi tự do tại khán đài Kitchen (tự do chọn ghế trong khán đài).\n----------------------------------------------\nTicket Privileges:\n• Valid for wristband exchange and event entry on October 4th, 2025.\n• Free seating in the Kitchen Stand (choose any available seat).'),(67,'Thường',70000,500,0,20,'Vé Thường'),(68,'VIP',200000,100,0,20,'Vé VIP'),(69,'VIP - CHUNG KẾT / FINALS',2000000,500,0,19,'Quyền lợi của hạng vé:\n• Có giá trị sử dụng để đổi vòng tay và ra vào cổng trong ngày 04/10/2025.\n• Ngồi tự do tại khán đài VIP (tự do chọn ghế trong khán đài).\n• Được phép sử dụng quầy ăn nhẹ tại khán đài.\n----------------------------------------------\nTicket Privileges:\n• Valid for wristband exchange and event entry on October 4th, 2025.\n• Free seating in the VIP Stand (choose any available seat).\n• Access to the snack counter at the stand.'),(70,'Thường',70000,500,0,20,'Vé Thường'),(71,'VVIP - CHUNG KẾT / FINALS',10000000,100,0,19,'Quyền lợi của hạng vé:\n• Có giá trị sử dụng để đổi vòng tay và ra vào cổng trong ngày 04/10/2025.\n• Ngồi tự do tại khán đài VVIP (tự do chọn ghế trong khán đài).\n• Đặc quyền được sử dụng phòng VVIP Lounge cùng với các vận động viên Main Draw Pro.\n• Được phép sử dụng quầy ăn nhẹ tại khán đài.\n• 01 Áo giải chính thức PPA Tour Asia Vietnam Cup 2025.\n• 01 Vợt pickleball có chữ ký của Top Pro.\n• 01 Túi tote &amp; Quà tặng.\n----------------------------------------------\nTicket Privileges:\n• Valid for wristband exchange and event entry on October 4th, 2025.\n• Free seating in the VVIP Stand (choose any available seat).\n• Exclusive privilege to access the VVIP Lounge with Main Draw Pro players.\n• Access to the snack counter at the stand.\n• 01 Official PPA Tour Asia Vietnam Cup 2025 T-shirt.\n• 01 Paddle signed by a Top Pro.\n• 01 Tote bag &amp; Gifts.'),(72,'VIP',200000,100,0,20,'Vé VIP'),(73,'VIP - CHIỀU TÀ',1350000,997,3,21,'VIP - CHIỀU TÀ'),(74,'CHẠNG VẠNG',1080000,293,7,21,'CHẠNG VẠNG'),(75,'Combo 4 Regular Ticket (-5%)',80000,99,3,22,'- Mỗi đơn hàng được mua tối đa 4 vé.\n- Vé hạng đứng Miracle Zone, không phân chia khu vực.\n- Check-in sớm sẽ được ưu tiên vị trí đẹp.\n- Vé không áp dụng ưu đãi/giảm giá từ NTPMM &amp; đối tác.\n- Quà tặng: Sticker Pack, Vé giấy, Phong bì lưu niệm.\n- Hỗ trợ LED Livecam theo dõi sự kiện.'),(76,'Combo 10 Regular Ticket (-15%)',641750,29,4,22,'- Mỗi đơn hàng được mua tối đa 10 vé.\n- Vé hạng đứng Miracle Zone, không phân chia khu vực.\n- Check-in sớm sẽ được ưu tiên vị trí đẹp.\n- Vé không áp dụng ưu đãi/giảm giá từ NTPMM &amp; đối tác.\n- Quà tặng: Sticker Pack, Vé giấy, Phong bì lưu niệm.\n- Hỗ trợ LED Livecam theo dõi sự kiện.'),(77,'CHẬP CHOẠNG',780000,997,3,21,''),(78,'Combo 1 Regular Ticket + 1 Lightstick NTPMM (-2%)',1081920,98,3,22,'- Mỗi đơn hàng được mua tối đa 10 vé.\n- Vé hạng đứng Miracle Zone, không phân chia khu vực.\n- Check-in sớm sẽ được ưu tiên vị trí đẹp.\n- Vé không áp dụng ưu đãi/giảm giá từ NTPMM &amp; đối tác.\n- Quà tặng: Sticker Pack, Vé giấy, Phong bì lưu niệm.\n- Hỗ trợ LED Livecam theo dõi sự kiện.\n- Combo bao gồm 1 Lightstick NTPMM (sẽ được giao hàng tới địa chỉ bạn đăng ký)'),(79,'NHÁ NHEM',560000,292,8,21,''),(80,'Regular Ticket',755000,297,3,22,'- Mỗi đơn hàng được mua tối đa 10 vé.\n- Vé hạng đứng Miracle Zone, không phân chia khu vực.\n- Check-in sớm sẽ được ưu tiên vị trí đẹp.\n- Quà tặng: Sticker Pack, Vé giấy, Phong bì lưu niệm.\n- Hỗ trợ LED Livecam theo dõi sự kiện.'),(81,'COURTSIDE',2200000,111,0,3,''),(82,'Hạng Regular',300000,100,0,23,'Không dành cho trẻ dưới 16 tuổi'),(83,'Hạng VIP',350000,100,0,23,'Không dành cho trẻ dưới 16 tuổi'),(84,'GHẾ NÓNG ĐỐI CHẤT (VVIP S2)',1600000,99,1,24,''),(85,'GHẾ NÓNG ĐỐI CHẤT (VVIP S1)',1600000,96,4,24,''),(86,'GHẾ BÌNH LUẬN VIÊN (VIP S)',1300000,100,0,24,''),(87,'GHẾ BÌNH LUẬN VIÊN (VIP A1)',1300000,10,0,24,''),(88,'GHẾ BÌNH LUẬN VIÊN (VIP A2)',1300000,10,0,24,''),(89,'GHẾ HÒA BÌNH (STANDARD A)',900000,11,0,24,''),(90,'GHẾ HÒA BÌNH (STANDARD B)',900000,11,0,24,''),(91,'[Ngày thường] STANDARD S - Trẻ em',150000,111,0,6,'Vé áp dụng vào cổng 2 lần trong cùng ngày check-in vào cổng.\n\nTrải nghiệm STANDARD:\n- Khu vực cơ bản\n- ++20 chủ đề nghệ thuật sắp đặt\n- Thời gian 60-90 phút'),(92,'[Ngày thường] STANDARD L - Người lớn',220000,222,0,6,'Vé áp dụng vào cổng 2 lần trong cùng ngày check-in vào cổng.\n\nTrải nghiệm STANDARD:\n- Khu vực cơ bản\n- ++20 chủ đề nghệ thuật sắp đặt\n- Thời gian 60-90 phút'),(93,'Vé Sàn V1',1000000,111,0,10,''),(94,'(Vé Thường) Workshop Quả Châu Trong Suốt',300000,222,0,26,''),(95,'(Vé Ưu Đãi) Workshop Quả châu Trong Suốt',280000,213,0,26,'Vé ưu đãi dành cho khách hàng đăng ký nhóm từ 4 khách.'),(96,'PPA JERSEY',350000,222,0,27,'Áo Jersey của sự kiện Giải Pickleball PPA Tour Asia - MB Vietnam Open 2025.\nSize: S - 2XL\nGiá bán trong sự kiện: 350.000 đồng/áo'),(97,'PPA TOTE BAG',90000,33,0,27,'PPA Tote Bag - Túi vải edition đặc biệt sự kiện Giải Pickleball PPA Tour Asia - MB Vietnam Open 2025\nChất liệu: Vải bố Canvas\nMàu: Xanh Navy'),(98,'PPA ARMSLEEVE',180000,44,0,27,'Phụ kiện bao tay chống nắng & thấm mồ hôi đặc biệt của sự kiện Giải Pickleball PPA Tour Asia - MB Vietnam Open 2025.\nChất liệu: Polyester\nMàu: Trắng (Có logo của sự kiện & BTC)'),(99,'PPA TOWEL',120000,55,0,27,'Khăn lau PPA của sự kiện Giải Pickleball PPA Tour Asia - MB Vietnam Open 2025.\nChất liệu: Vải\nMàu: Trắng'),(100,'Gói cơ bản',270000,66,0,28,'+ Gói cơ bản (cự ly 8m): 270.000 VNĐ/người/ 2h chơi \n+ Giá vé đã bao gồm phí giờ chơi, thiết bị và huấn luyện viên hướng dẫn'),(101,'Gói nâng cao',330000,77,0,28,'+ Gói nâng cao (cự ly 10m - 40m): 330.000 VNĐ/người/ 2h chơi \n+ Giá vé đã bao gồm phí giờ chơi, thiết bị và huấn luyện viên hướng dẫn'),(102,'Gói trẻ em',200000,44,0,28,'+ Gói trẻ em (cự ly 6m): 200.000 VNĐ/người/2h chơi \n+ Giá vé đã bao gồm phí giờ chơi, thiết bị và huấn luyện viên hướng dẫn\n+ Chỉ áp dụng cho trẻ em cao dưới 1,3m'),(103,'STANDARD',400000,88,0,29,''),(104,'VIP',500000,77,0,29,''),(105,'SUPER VIP',600000,63,0,29,''),(106,'Vé Người Lớn',2260000,100,0,30,'Đã bao gồm tiệc Buffet đồ ăn nhẹ - Buffet các món ăn khuya'),(107,'Vé Trẻ Em',1017000,100,0,30,'Đã bao gồm tiệc Buffet đồ ăn nhẹ - Buffet các món ăn khuya.\nTrẻ em dưới 4 tuổi được miễn phí vé vào cổng.');
/*!40000 ALTER TABLE `ticket_types` ENABLE KEYS */;
UNLOCK TABLES;

--
-- Table structure for table `users`
--

DROP TABLE IF EXISTS `users`;
/*!40101 SET @saved_cs_client     = @@character_set_client */;
/*!50503 SET character_set_client = utf8mb4 */;
CREATE TABLE `users` (
  `id` int NOT NULL AUTO_INCREMENT,
  `fullName` varchar(255) COLLATE utf8mb4_unicode_ci NOT NULL,
  `phone` varchar(20) COLLATE utf8mb4_unicode_ci DEFAULT NULL,
  `email` varchar(255) COLLATE utf8mb4_unicode_ci DEFAULT NULL,
  `password` varchar(255) COLLATE utf8mb4_unicode_ci NOT NULL,
  `birthDate` datetime(3) DEFAULT NULL,
  `gender` varchar(10) COLLATE utf8mb4_unicode_ci DEFAULT NULL,
  `avatar` varchar(255) COLLATE utf8mb4_unicode_ci DEFAULT NULL,
  `accountType` varchar(50) COLLATE utf8mb4_unicode_ci NOT NULL DEFAULT 'SYSTEM',
  `roleId` int NOT NULL,
  PRIMARY KEY (`id`),
  UNIQUE KEY `users_phone_key` (`phone`),
  UNIQUE KEY `users_email_key` (`email`),
  KEY `users_roleId_fkey` (`roleId`),
  CONSTRAINT `users_roleId_fkey` FOREIGN KEY (`roleId`) REFERENCES `roles` (`id`) ON DELETE RESTRICT ON UPDATE CASCADE
) ENGINE=InnoDB AUTO_INCREMENT=17 DEFAULT CHARSET=utf8mb4 COLLATE=utf8mb4_unicode_ci;
/*!40101 SET character_set_client = @saved_cs_client */;

--
-- Dumping data for table `users`
--

LOCK TABLES `users` WRITE;
/*!40000 ALTER TABLE `users` DISABLE KEYS */;
INSERT INTO `users` VALUES (1,'Nguyễn Chí Thịnh 2814','0912345678','thinh@example.com','$2b$10$3TidQUGByxbXc7kXGXceXeiLI9Z/7kpTzRKZNGUqb9V5M6Ap6Qzou','1990-01-09 00:00:00.000','Nữ','11aa7a80-1714-4c5a-ba13-9cd1bb8c0a1a.jpg','SYSTEM',1),(2,'Nguyễn Văn A','0987654321','vana@example.com','$2b$10$3TidQUGByxbXc7kXGXceXeiLI9Z/7kpTzRKZNGUqb9V5M6Ap6Qzou','1990-01-01 00:00:00.000','Nam','9dcab365-902c-4430-8c7d-9e5f352ff718.jpg','SYSTEM',2),(12,'Demo 123','0123456789','demo@g.c','$2b$10$BJTGzOEK0cZ6YBk4UDgkfOKHoXUUClUe7jNjtdiWMuMwaVnYN4x66','2025-10-20 00:00:00.000','Nam','5a5cf4c7-b6af-4430-a1e7-eee85071b6b2.jpg','SYSTEM',1),(13,'demo1','0123456788','demo1@g.c','$2b$10$8cH3GDr3r1Q05ZLJccqNeubmK9.CXZ.aJj/eT4Ml0ony.Etx11cNC','2025-10-20 00:00:00.000','Nam',NULL,'SYSTEM',2),(14,'Khoa','0123456777','khoa@g.c','$2b$10$7tD23S4CUYYcImPpnDSnjuBSy3MKZ19IRen9Q2srsT7lz/3a5CXoq','2025-10-20 00:00:00.000','Nam','552864df-81cd-496e-a0a1-9e7de749be71.jpg','SYSTEM',1),(15,'Nguyễn Chí Thịnh ptt','0384404301','demo2@g.c','$2b$10$otzj5YVPwSPo5wm3KnJHX.W3wLLTy6Zw19YuSUfd.9pSW2f4xepSi',NULL,NULL,NULL,'SYSTEM',2),(16,'ttttttttttttttttttt',NULL,'user2@gmail.com','$2b$10$cRMqc3R.7T/QHaFhOhrJcuqnedIbuK1yGYDkz6uUCxd6e3AFoGvAi',NULL,NULL,NULL,'SYSTEM',2);
/*!40000 ALTER TABLE `users` ENABLE KEYS */;
UNLOCK TABLES;
/*!40103 SET TIME_ZONE=@OLD_TIME_ZONE */;

/*!40101 SET SQL_MODE=@OLD_SQL_MODE */;
/*!40014 SET FOREIGN_KEY_CHECKS=@OLD_FOREIGN_KEY_CHECKS */;
/*!40014 SET UNIQUE_CHECKS=@OLD_UNIQUE_CHECKS */;
/*!40101 SET CHARACTER_SET_CLIENT=@OLD_CHARACTER_SET_CLIENT */;
/*!40101 SET CHARACTER_SET_RESULTS=@OLD_CHARACTER_SET_RESULTS */;
/*!40101 SET COLLATION_CONNECTION=@OLD_COLLATION_CONNECTION */;
/*!40111 SET SQL_NOTES=@OLD_SQL_NOTES */;

-- Dump completed on 2025-12-17 20:14:13
